lang,id,slug,url,published,modified,author_id,title
en,27054,fallas-valencia,https://delaguialuzon.com/en/blog/fallas-valencia/,2026-09-28,2026-09-30,5,Fallas and Valencian festivals: what newcomers should know
en,27454,spain-autonomous-communities,https://delaguialuzon.com/en/blog/spain-autonomous-communities/,2026-09-24,2026-09-18,5,Spain&#8217;s autonomous communities: what expats need to know
en,27449,uk-isas-spanish-tax-residency,https://delaguialuzon.com/en/blog/uk-isas-spanish-tax-residency/,2026-09-21,2026-09-30,5,UK ISAs and Spanish tax residency: 2026 tax treatment
en,27446,squatters-spain,https://delaguialuzon.com/en/blog/squatters-spain/,2026-09-18,2026-09-11,5,"Squatters in Spain 2026: rights, eviction and prevention"
en,27048,cultural-experiences-valencia,https://delaguialuzon.com/en/blog/cultural-experiences-valencia/,2026-09-16,2026-09-12,5,Top 10 cultural experiences to try in Valencia: a newcomer’s guide
en,27345,hiring-employees-spain,https://delaguialuzon.com/en/blog/hiring-employees-spain/,2026-09-14,2026-09-18,5,"Hiring employees in Spain: 2026 contracts, payroll and costs"
en,27337,moving-to-spain-with-children,https://delaguialuzon.com/en/blog/moving-to-spain-with-children/,2026-09-11,2026-09-12,5,Moving to Spain with children: 2026 family relocation guide
en,27046,arraigo-spain,https://delaguialuzon.com/en/blog/arraigo-spain/,2026-09-09,2026-09-09,5,"Arraigo in Spain 2026: social, labour, family and training routes explained"
en,27049,best-day-trips-from-valencia,https://delaguialuzon.com/en/blog/best-day-trips-from-valencia/,2026-09-07,2026-09-07,5,Best day trips from Valencia: 10 places to visit within two hours
en,27053,cita-previa-spain,https://delaguialuzon.com/en/blog/cita-previa-spain/,2026-08-31,2026-09-12,5,Cita previa in Spain: how to navigate the appointment system for foreigners
en,27047,bringing-elderly-parents-spain,https://delaguialuzon.com/en/blog/bringing-elderly-parents-spain/,2026-08-28,2026-08-14,5,Bringing elderly parents to Spain: family reunification for ascendants explained
en,27052,selling-property-spain-non-resident,https://delaguialuzon.com/en/blog/selling-property-spain-non-resident/,2026-08-26,2026-08-14,5,"Selling property in Spain as a non-resident: 3% retention, capital gains and Plusvalía explained"
en,27050,best-neighbourhoods-valencia-city,https://delaguialuzon.com/en/blog/best-neighbourhoods-valencia-city/,2026-08-24,2026-08-14,5,"Best neighbourhoods in Valencia city: Ruzafa, El Carmen, Cabanyal and more"
en,26854,s1-form-spain,https://delaguialuzon.com/en/blog/s1-form-spain/,2026-08-20,2026-08-13,5,S1 form Spain: healthcare for UK state pensioners
en,26847,spain-student-visa,https://delaguialuzon.com/en/blog/spain-student-visa/,2026-08-18,2026-08-13,5,"Spain student visa: requirements, work rules and next steps"
en,26851,social-security-number-spain,https://delaguialuzon.com/en/blog/social-security-number-spain/,2026-08-14,2026-07-12,5,Social Security number Spain: How to get your NUSS in 2026
en,26849,criminal-record-certificate-spain,https://delaguialuzon.com/en/blog/criminal-record-certificate-spain/,2026-08-12,2026-07-12,5,Criminal record certificate Spain: Visa and residency guide
en,26848,community-of-owners-spain,https://delaguialuzon.com/en/blog/community-of-owners-spain/,2026-08-10,2026-07-12,5,Community of owners in Spain: What foreign buyers must know
en,26850,ccse-exam-spanish-nationality,https://delaguialuzon.com/en/blog/ccse-exam-spanish-nationality/,2026-08-07,2026-07-12,5,CCSE exam Spain: Nationality tests and DELE A2 explained
en,26856,convenio-especial-spain,https://delaguialuzon.com/en/blog/convenio-especial-spain/,2026-08-05,2026-07-12,5,Convenio especial in Spain: The public healthcare buy-in
en,26852,digital-certificate-spain,https://delaguialuzon.com/en/blog/digital-certificate-spain/,2026-08-03,2026-07-12,5,Digital certificate Spain: FNMT and Cl@ve guide for expats
en,26587,moving-to-spain-after-2-july,https://delaguialuzon.com/en/blog/moving-to-spain-after-2-july/,2026-07-31,2026-09-09,5,Moving to Spain after 2 July: tax residency explained
en,26124,residency-marriage-spanish-citizen,https://delaguialuzon.com/en/blog/residency-marriage-spanish-citizen/,2026-07-29,2026-06-28,5,Residency through marriage to a Spanish citizen: The EU family member card explained
en,26527,branch-office-spain-uk-company,https://delaguialuzon.com/en/blog/branch-office-spain-uk-company/,2026-07-27,2026-06-28,5,Setting up a branch office in Spain as a UK company in 2026
en,26525,transfer-pricing-rules-spain,https://delaguialuzon.com/en/blog/transfer-pricing-rules-spain/,2026-07-24,2026-06-28,5,Transfer Pricing Rules in Spain: A Guide for 2026
en,26528,spain-corporate-tax-deductions,https://delaguialuzon.com/en/blog/spain-corporate-tax-deductions/,2026-07-23,2026-06-28,5,Spain corporate tax deductions and allowances 2026
en,25589,moving-to-spain-from-abroad,https://delaguialuzon.com/en/blog/moving-to-spain-from-abroad/,2026-07-21,2026-06-28,5,Moving to Spain from abroad: Your legal checklist for the first 90 days
en,26524,vat-registration-foreign,https://delaguialuzon.com/en/blog/vat-registration-foreign/,2026-07-17,2026-06-28,5,VAT Registration in Spain for Foreign Businesses
en,26526,spain-withholding-tax-dividends,https://delaguialuzon.com/en/blog/spain-withholding-tax-dividends/,2026-07-15,2026-06-28,5,Spain withholding tax on dividends for non-residents 2026
en,26125,pareja-de-hecho-spain-foreigners,https://delaguialuzon.com/en/blog/pareja-de-hecho-spain-foreigners/,2026-07-13,2026-06-28,5,Registering a Civil Partnership (Pareja de Hecho) in Spain as a Foreigner
en,25587,power-of-attorney-spain,https://delaguialuzon.com/en/blog/power-of-attorney-spain/,2026-07-10,2026-06-28,5,"Power of attorney in Spain for non-residents: Uses, process and costs"
en,26740,how-to-protect-yourself-against-hacienda,https://delaguialuzon.com/en/blog/how-to-protect-yourself-against-hacienda/,2026-07-09,2026-09-12,29,The &#8216;Van Gaal Syndrome&#8217; and the Beckham Law in Spain: how to protect yourself against Hacienda in 2026
en,25580,private-health-insurance-spain-expats,https://delaguialuzon.com/en/blog/private-health-insurance-spain-expats/,2026-07-07,2026-09-18,5,"Private health insurance in Spain for expats: Costs, providers and visa requirements"
en,26401,children-born-spain-to-foreign-parents,https://delaguialuzon.com/en/blog/children-born-spain-to-foreign-parents/,2026-07-03,2026-06-27,5,Children born in Spain to foreign parents: How Spanish nationality works
en,26130,family-reunification-visa-in-spain,https://delaguialuzon.com/en/blog/family-reunification-visa-in-spain/,2026-07-01,2026-06-27,5,Bringing your family to Spain: Family reunification (Reagrupación Familiar) explained
en,26127,sl-vs-selfemployed,https://delaguialuzon.com/en/blog/sl-vs-selfemployed/,2026-06-29,2026-06-18,5,Setting up a company in Spain as a foreigner: SL versus self-employed
en,26126,us-llc-spain-tax,https://delaguialuzon.com/en/blog/us-llc-spain-tax/,2026-06-26,2026-06-17,5,"Can you own a US LLC while living in Spain? Tax treatment, reporting and risks"
en,26128,moving-to-spain-russia-eastern-europe,https://delaguialuzon.com/en/blog/moving-to-spain-russia-eastern-europe/,2026-06-24,2026-09-12,5,"Moving to Spain from Russia, Armenia and Eastern Europe: Residency routes for non-EU nationals"
en,26131,registering-birth-child-spain-foreigner,https://delaguialuzon.com/en/blog/registering-birth-child-spain-foreigner/,2026-06-22,2026-06-17,5,Registering the birth of a child in Spain as a foreigner
en,25579,importing-car-spain-uk,https://delaguialuzon.com/en/blog/importing-car-spain-uk/,2026-06-19,2026-06-17,5,Importing a car to Spain from the UK: The complete post-Brexit guide
en,26132,recognising-foreign-spain,https://delaguialuzon.com/en/blog/recognising-foreign-spain/,2026-06-17,2026-06-17,5,Recognising a foreign divorce or marriage in Spain: The exequatur process
en,25993,renewal-non-lucrative-residence-permit-spain,https://delaguialuzon.com/en/blog/renewal-non-lucrative-residence-permit-spain/,2026-06-15,2026-06-16,2,Renewal of non-lucrative residence permit in Spain: The new 183-day requirement (RD 1155/2024)
en,25591,moving-to-spain-dutch-expats,https://delaguialuzon.com/en/blog/moving-to-spain-dutch-expats/,2026-06-15,2026-06-02,5,"Moving to Spain from the Netherlands: Taxes, the Beckham Law and what Dutch expats must know"
en,25582,cultural-differences-living-in-spain,https://delaguialuzon.com/en/blog/cultural-differences-living-in-spain/,2026-06-12,2026-06-11,5,Cultural differences living in Spain: An honest guide for British and American expats
en,25584,exchange-uk-driving-licence-spain,https://delaguialuzon.com/en/blog/exchange-uk-driving-licence-spain/,2026-06-11,2026-05-29,5,How to exchange a UK driving licence in Spain: The DGT process explained
en,25592,moving-to-spain-scandinavian-expats,https://delaguialuzon.com/en/blog/moving-to-spain-scandinavian-expats/,2026-06-08,2026-05-28,5,"Moving to Spain from Norway, Sweden, Denmark, or Finland: Tax, residency, and the Beckham Law for Scandinavian expats"
en,25590,spanish-school-system-expat-children,https://delaguialuzon.com/en/blog/spanish-school-system-expat-children/,2026-06-05,2026-05-28,5,"The Spanish school system for expat children: State, concertada, and international options"
en,25491,bringing-pets-to-spain,https://delaguialuzon.com/en/blog/bringing-pets-to-spain/,2026-06-03,2026-06-04,5,Bringing pets to Spain from the UK after Brexit: A detailed Guide
en,25444,conveyancing-spain,https://delaguialuzon.com/en/blog/conveyancing-spain/,2026-06-01,2026-06-17,5,Conveyancing in Spain: A complete guide for UK and international buyers
en,25415,valencia-suburbs-for-expats,https://delaguialuzon.com/en/blog/valencia-suburbs-for-expats/,2026-05-29,2026-06-17,5,"Best Valencia suburbs to move to in 2026: L&#8217;Eliana, Rocafort, and Lliria"
en,25381,tourist-visa-spain,https://delaguialuzon.com/en/blog/tourist-visa-spain/,2026-05-27,2026-05-21,5,Tourist Visa Spain: Entry rules for non-EU nationals
en,25512,expats-in-spain,https://delaguialuzon.com/en/blog/expats-in-spain/,2026-05-25,2026-09-24,2,Expats in Spain: The tax issues you need to address before you move back
en,25335,spanish-nif,https://delaguialuzon.com/en/blog/spanish-nif/,2026-05-25,2026-06-17,5,Spanish NIF and CIF for foreign companies and individuals: A 2026 guide
en,25362,autonomo-rights-spain,https://delaguialuzon.com/en/blog/autonomo-rights-spain/,2026-05-22,2026-05-21,5,"Autónomo rights in Spain: A 2026 guide to sick leave, parental leave and unemployment"
en,25269,dismissal-in-spain,https://delaguialuzon.com/en/blog/dismissal-in-spain/,2026-05-21,2026-06-17,5,Dismissal in Spain: A 2026 guide for international employers and employees
en,25245,empadronamiento-spain,https://delaguialuzon.com/en/blog/empadronamiento-spain/,2026-05-19,2026-09-09,5,"What is empadronamiento, why it matters, and how to register"
en,25233,writing-spanish-will,https://delaguialuzon.com/en/blog/writing-spanish-will/,2026-05-15,2026-09-09,5,How to write a Spanish will for UK nationals
en,25207,ees-etias-uk-nationals-spain,https://delaguialuzon.com/en/blog/ees-etias-uk-nationals-spain/,2026-05-14,2026-09-12,5,EES and ETIAS for UK nationals visiting Spain: 2026 border-crossing guide
en,25069,apostille-sworn-translation-spain,https://delaguialuzon.com/en/blog/apostille-sworn-translation-spain/,2026-05-13,2026-05-15,5,Apostille and sworn translation Spain: UK document guide 2026
en,25071,spanish-bank-account-non-residents-uk,https://delaguialuzon.com/en/blog/spanish-bank-account-non-residents-uk/,2026-05-11,2026-05-15,5,Spanish bank account for non-residents: UK citizen&#8217;s guide 2026
en,23650,real-estate-in-valencia,https://delaguialuzon.com/en/blog/real-estate-in-valencia/,2026-05-11,2026-05-15,2,Life in the Turia: Lifestyle and real estate in Valencia 2026
en,24988,valencia-tourist-accommodation,https://delaguialuzon.com/en/blog/valencia-tourist-accommodation/,2026-05-08,2026-05-15,2,Valencia&#8217;s new tourist accommodation rules (2026): what property owners must know
en,24772,grants-for-self-employed-workers,https://delaguialuzon.com/en/blog/grants-for-self-employed-workers/,2026-05-06,2026-05-15,2,"Grants for self-employed workers in 2026: What&#8217;s in force, what is coming and how to make the most of it"
en,21656,residency-in-spain,https://delaguialuzon.com/en/blog/residency-in-spain/,2026-05-05,2026-09-08,5,Ways to obtain residency in Spain: Different pathways explained
en,23645,moving-to-valencia,https://delaguialuzon.com/en/blog/moving-to-valencia/,2026-05-05,2026-05-28,2,The logistics of moving to Valencia in 2026: A complete relocation guide
en,10247,british-expats-brexit,https://delaguialuzon.com/en/blog/british-expats-brexit/,2026-05-05,2026-05-14,2,What’s expected of British expats in Spain post Brexit?
en,17990,buying-property-spain,https://delaguialuzon.com/en/blog/buying-property-spain/,2026-05-04,2026-05-05,5,Buying property via a company or as an individual in Spain?
en,24445,buy-house-valencia-non-resident,https://delaguialuzon.com/en/blog/buy-house-valencia-non-resident/,2026-04-28,2026-09-17,2,How to buy a house in Valencia as a non-resident
en,892,beckham-law-spanish-tax-regime,https://delaguialuzon.com/en/blog/beckham-law-spanish-tax-regime/,2026-04-27,2026-09-12,2,Beckham Law Spain 2026: complete tax-regime guide for foreign professionals
en,15116,modelo-720-spain,https://delaguialuzon.com/en/blog/modelo-720-spain/,2026-04-24,2026-09-09,2,Modelo 720: Mandatory informative declaration of foreign assets for Spanish tax residents
en,23647,valencia-cost-of-living,https://delaguialuzon.com/en/blog/valencia-cost-of-living/,2026-04-23,2026-05-28,2,Valencia cost of living 2026: A strategic financial guide
en,21452,extraordinary-regularisation-foreigners-spain,https://delaguialuzon.com/en/blog/extraordinary-regularisation-foreigners-spain/,2026-04-16,2026-10-01,2,"Extraordinary Regularisation in Spain: The 30 June 2026 Deadline Has Closed, What Now?"
en,22851,uk-pension-contributions-in-spain,https://delaguialuzon.com/en/blog/uk-pension-contributions-in-spain/,2026-04-08,2026-09-11,5,UK pension contributions in Spain in 2026: how Spanish and UK years really combine
en,22687,vat-exemption-spain,https://delaguialuzon.com/en/blog/vat-exemption-spain/,2026-04-02,2026-03-31,5,Autónomo VAT exemption in Spain: New rules for foreigners and small businesses
en,22612,tax-structuring-between-ireland-spain,https://delaguialuzon.com/en/blog/tax-structuring-between-ireland-spain/,2026-03-30,2026-04-01,5,Tax structuring between Ireland and Spain: Transitioning your business to Spain
en,22572,spanish-tax-deadlines,https://delaguialuzon.com/en/blog/spanish-tax-deadlines/,2026-03-23,2026-09-11,5,Spanish tax deadlines: Complete calendar for residents and expats
en,22409,spanish-wealth-tax,https://delaguialuzon.com/en/blog/spanish-wealth-tax/,2026-03-16,2026-05-28,5,Spanish wealth tax and taxes on passive income in Spain
en,22275,spain-exit-tax,https://delaguialuzon.com/en/blog/spain-exit-tax/,2026-03-11,2026-05-11,5,Spain exit tax: What happens to your investments when you leave Spain?
en,22109,long-term-residence-in-spain,https://delaguialuzon.com/en/blog/long-term-residence-in-spain/,2026-03-06,2026-03-09,5,Long-term residence in Spain and the route to citizenship
en,22034,us-and-spanish-tax-implications,https://delaguialuzon.com/en/blog/us-and-spanish-tax-implications/,2026-03-02,2026-02-26,5,US and Spanish tax implications of using US investment funds to buy property in Spain
en,21840,divorce-spain-for-expats,https://delaguialuzon.com/en/blog/divorce-spain-for-expats/,2026-02-24,2026-02-27,5,Divorce across borders: How it works in Spain for expats
en,17261,spain-corporate-tax,https://delaguialuzon.com/en/blog/spain-corporate-tax/,2026-02-20,2026-09-18,5,Spain corporate tax: What you need to know for your business
en,20556,reduce-your-tax-burden-in-spain,https://delaguialuzon.com/en/blog/reduce-your-tax-burden-in-spain/,2026-02-18,2026-06-17,2,Reduce your tax burden in Spain: Your income tax guide
en,21606,spanish-tax-for-australians,https://delaguialuzon.com/en/blog/spanish-tax-for-australians/,2026-02-10,2026-08-25,5,Australian expats in Spain: Navigating tax residency and foreign assets
en,21544,spain-digital-nomad-visa-w2,https://delaguialuzon.com/en/blog/spain-digital-nomad-visa-w2/,2026-02-06,2026-08-25,5,Spain Digital Nomad Visa requirements for US W-2 employees
en,8633,apply-digital-nomad-visa-spain,https://delaguialuzon.com/en/blog/apply-digital-nomad-visa-spain/,2026-01-26,2026-09-24,2,Digital Nomad Visa in Spain 2026: a UK citizen’s guide
en,20998,overstaying-visa-spain,https://delaguialuzon.com/en/blog/overstaying-visa-spain/,2026-01-19,2026-06-02,5,The hidden cost of staying too long: What happens if you overstay your visa in Spain?
en,20417,declare-uk-income-in-spain,https://delaguialuzon.com/en/blog/declare-uk-income-in-spain/,2026-01-16,2026-06-02,2,How to declare UK income as a Spanish resident
en,20418,qrops-transfer-spain,https://delaguialuzon.com/en/blog/qrops-transfer-spain/,2026-01-12,2026-09-24,2,Smart strategies for transferring UK pension funds to a Spanish QROPS
en,20430,legal-fees-buying-spanish-property,https://delaguialuzon.com/en/blog/legal-fees-buying-spanish-property/,2026-01-04,2026-09-08,2,Understanding legal fees for buying property in Spain
en,20432,spanish-mortgage-review,https://delaguialuzon.com/en/blog/spanish-mortgage-review/,2025-12-29,2026-05-11,2,Spanish mortgage review: What UK buyers need to know before signing
en,20394,spanish-non-lucrative-visa,https://delaguialuzon.com/en/blog/spanish-non-lucrative-visa/,2025-12-22,2026-09-08,2,Get your Spanish non-lucrative visa approved
en,20439,legal-support-uk-businesses,https://delaguialuzon.com/en/blog/legal-support-uk-businesses/,2025-12-15,2026-08-25,2,Legal support for UK business owners
en,20352,uk-spain-cross-border-legal-disputes,https://delaguialuzon.com/en/blog/uk-spain-cross-border-legal-disputes/,2025-12-12,2026-03-10,5,Resolve UK–Spain cross-border legal disputes with expert mediation
en,20275,uk-spain-double-taxation,https://delaguialuzon.com/en/blog/uk-spain-double-taxation/,2025-12-08,2026-08-16,5,UK Spain double taxation 2026: complete guide for British residents and expats
en,20177,franchise-agreements-spain,https://delaguialuzon.com/en/blog/franchise-agreements-spain/,2025-12-01,2026-04-23,5,Franchise agreements in Spain: Legal localisation guide for international brands
en,19699,legalising-unregistered-property-spain,https://delaguialuzon.com/en/blog/legalising-unregistered-property-spain/,2025-11-24,2026-04-24,5,Legalising unregistered properties in Spain for foreign investors
en,18877,spain-regional-property-taxes,https://delaguialuzon.com/en/blog/spain-regional-property-taxes/,2025-11-18,2026-05-28,5,Spain’s regional property taxes demystified
en,18710,international-contracts-spain,https://delaguialuzon.com/en/blog/international-contracts-spain/,2025-11-10,2026-08-21,5,International contracts under Spanish law: a 2026 guide for cross-border business
en,18477,spanish-healthcare-system,https://delaguialuzon.com/en/blog/spanish-healthcare-system/,2025-10-29,2026-08-20,2,Spanish healthcare vs UK healthcare in 2026: what British nationals need to know
en,18119,spain-startup-visa,https://delaguialuzon.com/en/blog/spain-startup-visa/,2025-10-20,2026-04-29,5,Spain’s startups and entrepreneur visa law
en,17854,relocating-uk-employees-to-spain,https://delaguialuzon.com/en/blog/relocating-uk-employees-to-spain/,2025-09-30,2026-04-29,2,"Relocating UK employees to Spain: Immigration, work permits and NIE explained"
en,17624,tech-giant-establishes-operations-spain,https://delaguialuzon.com/en/blog/tech-giant-establishes-operations-spain/,2025-09-25,2026-04-29,5,Success story: global tech giant establishes operations in Spain with comprehensive legal support
en,17195,cross-border-ma-spain,https://delaguialuzon.com/en/blog/cross-border-ma-spain/,2025-09-09,2025-11-21,5,Cross-border mergers and acquisitions in Spain
en,16616,international-inheritance-lawyer,https://delaguialuzon.com/en/blog/international-inheritance-lawyer/,2025-08-23,2026-04-24,2,International succession in Spain: Success story of a Belgian family with movable and immovable assets
en,16692,paid-parental-leave,https://delaguialuzon.com/en/blog/paid-parental-leave/,2025-07-31,2025-11-21,2,Increase in family leave entitlement
en,16187,unfair-dismissal-compensation,https://delaguialuzon.com/en/blog/unfair-dismissal-compensation/,2025-07-24,2025-11-21,2,The Supreme Court of Spain rules that compensation for unfair dismissal will not be increased by judicial means
en,15852,vat-short-term-tourist-rentals,https://delaguialuzon.com/en/blog/vat-short-term-tourist-rentals/,2025-06-11,2026-08-25,2,VAT on short-term tourist rentals: Everything you need to know as an owner
en,15707,short-term-rentals-in-spain,https://delaguialuzon.com/en/blog/short-term-rentals-in-spain/,2025-06-03,2026-09-28,15,New rules for short-term rentals in Spain: What has changed?
en,13689,interview-gonzalo-gomez-luzon,https://delaguialuzon.com/en/blog/interview-gonzalo-gomez-luzon/,2025-04-25,2026-04-29,2,Interview with Gonzalo Gómez Luzón for the 65th anniversary of Delaguía y Luzón
en,14384,legal-structure-startup-in-spain,https://delaguialuzon.com/en/blog/legal-structure-startup-in-spain/,2025-04-09,2026-02-02,2,How to choose the appropriate legal structure for a startup in Spain
en,13919,working-in-spain-as-a-foreigner,https://delaguialuzon.com/en/blog/working-in-spain-as-a-foreigner/,2025-03-12,2026-04-29,2,Labour rights of foreign workers in Spain
en,13755,supreme-court-ruling-tourist-apartments,https://delaguialuzon.com/en/blog/supreme-court-ruling-tourist-apartments/,2025-03-06,2026-08-10,2,Supreme Court ruling on tourist apartments: What changes for communities?
en,13538,international-inheritances-in-spain,https://delaguialuzon.com/en/blog/international-inheritances-in-spain/,2025-02-27,2026-05-28,2,Inheritance tax in Spain: Regulations on international succession
en,13250,minimum-interprofessional-salary,https://delaguialuzon.com/en/blog/minimum-interprofessional-salary/,2025-02-13,2026-09-12,2,"Minimum wage in Spain 2026: hourly rate, SMI and full guide"
en,12852,investing-in-spain,https://delaguialuzon.com/en/blog/investing-in-spain/,2025-01-29,2026-05-28,2,Property investing in Spain
en,11988,65-anniversary-delaguia-luzon,https://delaguialuzon.com/en/blog/65-anniversary-delaguia-luzon/,2025-01-08,2026-04-20,2,Delaguía y Luzón celebrates its 65th anniversary
en,11830,cryptocurrency-spain,https://delaguialuzon.com/en/blog/cryptocurrency-spain/,2024-12-19,2026-06-16,2,Cryptocurrency in Spain: Opportunities and strategies for businesses
en,11090,support-measures-people-affected-2024-dana,https://delaguialuzon.com/en/blog/support-measures-people-affected-2024-dana/,2024-11-26,2025-11-21,2,Tax and social support measures for people affected by the DANA in Valencia in 2024
en,10659,new-requirements-tourist-rentals-valencian-community,https://delaguialuzon.com/en/blog/new-requirements-tourist-rentals-valencian-community/,2024-11-14,2025-11-21,2,Decree Law 9/2024: New Restrictions and Requirements for Tourist Rentals in the Valencian Community
en,11136,urgent-measures-dana-valencia-2024,https://delaguialuzon.com/en/blog/urgent-measures-dana-valencia-2024/,2024-11-06,2025-11-21,2,Urgent measures for the protection of employment and social security in light of the damage caused by the DANA in Valencia
en,10351,eidas-authentication,https://delaguialuzon.com/en/blog/eidas-authentication/,2024-11-06,2026-08-10,2,eIDAS regulation: simplifying tax formalities for EU citizens in Spain
en,9995,establish-holding-company-in-spain,https://delaguialuzon.com/en/blog/establish-holding-company-in-spain/,2024-10-29,2026-08-25,2,Establishing a holding company in Spain: Tax optimisation or risk of scrutiny?
en,8357,startup-financing-strategies,https://delaguialuzon.com/en/blog/startup-financing-strategies/,2024-07-15,2026-08-10,2,Financing strategies for startups: the keys to obtaining the capital you need
en,8126,indefinite-hiring-program-youth,https://delaguialuzon.com/en/blog/indefinite-hiring-program-youth/,2024-07-02,2026-09-12,2,Program to promote the permanent hiring of qualified young people in the Valencian Community
en,8130,subsidies-hiring-unemployed,https://delaguialuzon.com/en/blog/subsidies-hiring-unemployed/,2024-07-02,2026-09-12,2,Subsidies for the indefinite hiring of unemployed people belonging to priority attention groups
en,8398,hire-accounting-advisor,https://delaguialuzon.com/en/blog/hire-accounting-advisor/,2024-06-25,2026-04-29,2,Why is it essential to hire an accountant in Spain
en,8552,online-business,https://delaguialuzon.com/en/blog/online-business/,2024-06-11,2026-08-21,2,How to start a business in Spain 2026: complete guide for foreign founders
en,4173,how-to-avoid-a-tax-inspection,https://delaguialuzon.com/en/blog/how-to-avoid-a-tax-inspection/,2024-05-03,2026-04-23,2,How to avoid a tax inspection in Spain?
en,2869,renting-property-in-spain,https://delaguialuzon.com/en/blog/renting-property-in-spain/,2024-04-17,2026-04-29,2,Top 10 tips for renting out your property in Spain
en,2564,becoming-self-employed-in-spain,https://delaguialuzon.com/en/blog/becoming-self-employed-in-spain/,2024-04-15,2026-09-12,2,Becoming self-employed in Spain 2026: autónomo guide for foreigners
en,3452,possible-elimination-golden-visa-spain,https://delaguialuzon.com/en/blog/possible-elimination-golden-visa-spain/,2024-04-15,2026-06-28,2,Golden Visa in Spain is no longer available: Alternatives for residency
en,1815,legal-aspects-renting-in-valencia,https://delaguialuzon.com/en/blog/legal-aspects-renting-in-valencia/,2024-03-21,2026-06-28,2,Legal aspects for renting in Valencia
en,991,rent-your-flat-through-airbnb-in-valencia,https://delaguialuzon.com/en/blog/rent-your-flat-through-airbnb-in-valencia/,2024-03-12,2026-08-25,2,Is it legal to rent your flat through Airbnb in Valencia? 
en,2738,etve-corporate-tax-rate,https://delaguialuzon.com/en/blog/etve-corporate-tax-rate/,2023-12-19,2026-08-25,2,Complete guide to the ETVE tax regime in Spain
en,1563,restructuration-of-companies-with-difficulties,https://delaguialuzon.com/en/blog/restructuration-of-companies-with-difficulties/,2023-09-14,2025-11-20,2,Restructuration of companies with difficulties in Spain. Part 1: Handling the crisis with success
en,2263,right-to-digital-disconnection-and-holidays,https://delaguialuzon.com/en/blog/right-to-digital-disconnection-and-holidays/,2023-08-02,2025-11-20,2,Right to digital disconnection and holidays: Spanish employment law explained
en,4632,new-upwards-of-mileage-kilometric-allowances,https://delaguialuzon.com/en/blog/new-upwards-of-mileage-kilometric-allowances/,2023-07-21,2026-09-12,2,New mileage allowances in Spain
en,5146,social-security-developments-for-cross-border-teleworkers,https://delaguialuzon.com/en/blog/social-security-developments-for-cross-border-teleworkers/,2023-07-05,2026-06-28,2,Social security developments for cross-border teleworkers in Spain
en,4734,housing-rights-spain,https://delaguialuzon.com/en/blog/housing-rights-spain/,2023-07-05,2026-06-28,2,Spain&#8217;s housing rights revolution: What Act 12/2023 means for you
en,2175,fraud-by-false-non-residents,https://delaguialuzon.com/en/blog/fraud-by-false-non-residents/,2023-03-08,2026-09-09,2,Control of fraud by false non-residents
en,2376,business-in-spain,https://delaguialuzon.com/en/blog/setting-up-a-business-in-spain/,2022-07-01,2026-04-29,2,Thinking of starting a business in Spain? Here&#8217;s what you need to know
en,1664,create-limited-company-in-spain,https://delaguialuzon.com/en/blog/create-limited-company-in-spain/,2022-04-16,2026-04-15,2,How to create a Limited Company in Spain
en,4854,find-good-accountant-spain,https://delaguialuzon.com/en/blog/find-good-accountant-spain/,2021-12-22,2026-05-28,2,How do you find a good gestor (accountant) in Spain?
en,3260,types-of-taxes-in-spain,https://delaguialuzon.com/en/blog/types-taxes-spain/,2021-12-03,2026-09-09,2,What are the different types of taxes in Spain?
en,5083,everything-know-capital-gains-tax-property-spain,https://delaguialuzon.com/en/blog/everything-know-capital-gains-tax-property-spain/,2021-10-28,2026-09-09,2,Everything there is to know about property capital gains tax and inheritance tax in Spain
en,2618,why-and-how-to-obtain-an-nie-in-spain,https://delaguialuzon.com/en/blog/why-how-obtain-nie-in-spain/,2021-10-07,2026-09-15,2,NIE number Spain: Complete 2026 guide for foreigners
en,4160,self-employed-in-spain-how-to-reduce-your-taxes,https://delaguialuzon.com/en/blog/self-employed-spain-reduce-your-taxes/,2021-07-14,2026-04-29,2,Self-employed in Spain: How to reduce your taxes legally in 2026
en,4978,legal-assistance-in-spain,https://delaguialuzon.com/en/blog/legal-assistance-in-spain/,2021-03-02,2026-04-29,2,Legal assistance in Spain for international individuals and businesses
en,649,green-card-nie-and-tie,https://delaguialuzon.com/en/blog/green-card-nie-and-tie/,2021-03-02,2026-09-09,2,"Differences between Green Card, NIE and TIE"
es,27823,alquiler-de-infravivienda-en-valencia-riesgos-legales-y-como-actuar-2,https://delaguialuzon.com/blog/alquiler-de-infravivienda-en-valencia-riesgos-legales-y-como-actuar-2/,2026-09-30,2026-09-25,29,Alquiler de infravivienda en Valencia: riesgos legales y cómo actuar
es,27855,autonomo-espana,https://delaguialuzon.com/blog/autonomo-espana/,2026-09-29,2026-09-30,2,"Hacerse autónomo en España: alta, cuotas y obligaciones"
es,23447,alquiler-de-infravivienda-en-valencia,https://delaguialuzon.com/blog/alquiler-de-infravivienda-en-valencia/,2026-09-29,2026-09-23,2,Alquiler de infravivienda en Valencia: riesgos legales y cómo actuar
es,27755,nie-en-espana-que-es-como-obtenerlo-y-para-que-lo-necesita,https://delaguialuzon.com/blog/nie-en-espana-que-es-como-obtenerlo-y-para-que-lo-necesita/,2026-09-22,2026-09-30,29,"NIE en España: qué es, cómo obtenerlo y para qué lo necesita"
es,27733,contratar-trabajadores-en-espana,https://delaguialuzon.com/blog/contratar-trabajadores-en-espana/,2026-09-18,2026-09-15,29,"Contratar trabajadores en España: costes, contratos y obligaciones para empresas"
es,27714,modelo-210-guia-del-irnr-para-no-residentes-con-inmuebles-en-espana,https://delaguialuzon.com/blog/modelo-210-guia-del-irnr-para-no-residentes-con-inmuebles-en-espana/,2026-09-15,2026-09-15,29,Modelo 210: guía del IRNR para no residentes con inmuebles en España
es,25941,ley-de-segunda-oportunidad,https://delaguialuzon.com/blog/ley-de-segunda-oportunidad/,2026-08-28,2026-08-27,2,Ley de segunda oportunidad: cómo cancelar sus deudas en 2026
es,27209,empadronamiento-espana,https://delaguialuzon.com/blog/empadronamiento-espana/,2026-08-27,2026-08-27,29,"Empadronamiento en España: qué es, cómo hacerlo y documentos necesarios"
es,27107,visa-nomada-digital-en-espana-requisitos,https://delaguialuzon.com/blog/visa-nomada-digital-en-espana-requisitos/,2026-08-20,2026-09-12,29,Visa nómada digital en España: requisitos y cómo solicitarla
es,27026,certificado-digital-en-espana-guia-fnmt-y-clave,https://delaguialuzon.com/blog/certificado-digital-en-espana-guia-fnmt-y-clave/,2026-08-12,2026-08-13,29,Certificado digital en España: guía FNMT y Cl@ve
es,27020,como-obtener-el-numero-de-la-seguridad-social,https://delaguialuzon.com/blog/como-obtener-el-numero-de-la-seguridad-social/,2026-08-12,2026-08-13,29,Número de la Seguridad Social en España: cómo obtener el NUSS
es,26737,como-protegerse-del-control-de-hacienda,https://delaguialuzon.com/blog/como-protegerse-del-control-de-hacienda/,2026-07-08,2026-07-13,29,El &#8216;Síndrome Van Gaal&#8217; y la Ley Beckham: cómo protegerse del control de Hacienda en 2026
es,25946,concurso-de-acreedores,https://delaguialuzon.com/blog/concurso-de-acreedores/,2026-07-07,2026-07-07,2,Concurso de acreedores para autónomos y pymes: guía 2026
es,26290,pisos-turisticos-en-valencia,https://delaguialuzon.com/blog/pisos-turisticos-en-valencia/,2026-06-25,2026-08-25,2,Pisos turísticos en Valencia: nueva normativa 2026 (Decreto 9/2024)
es,26306,propiedad-horizontal-conflictos-comunidades,https://delaguialuzon.com/blog/propiedad-horizontal-conflictos-comunidades/,2026-06-18,2026-06-19,29,Propiedad horizontal: conflictos en comunidades de vecinos y cómo resolverlos
es,25966,renovacion-residencia-no-lucrativa-requisito,https://delaguialuzon.com/blog/renovacion-residencia-no-lucrativa-requisito/,2026-06-15,2026-06-16,2,Renovación de la residencia no lucrativa: el nuevo requisito de 183 días (RD 1155/2024)
es,25908,ley-beckham,https://delaguialuzon.com/blog/ley-beckham/,2026-06-15,2026-09-12,2,Ley Beckham en España: guía completa
es,25913,salario-minimo-interprofesional,https://delaguialuzon.com/blog/salario-minimo-interprofesional/,2026-06-12,2026-06-12,2,"Salario mínimo interprofesional 2026: cuantía, pagas y a quién afecta"
es,25881,impuesto-sucesiones-comunidad-valenciana,https://delaguialuzon.com/blog/impuesto-sucesiones-comunidad-valenciana/,2026-06-10,2026-09-30,29,Impuesto de sucesiones en la Comunidad Valenciana: guía 2026
es,25449,impatriados-en-espana,https://delaguialuzon.com/blog/impatriados-en-espana/,2026-05-25,2026-06-02,2,Impatriados en España: lo que Hacienda espera que sepas antes de volver
es,16402,sucesion-internacional-espana,https://delaguialuzon.com/blog/sucesion-internacional-espana/,2026-05-07,2026-06-10,2,Sucesión internacional en España: caso de éxito de una familia belga con bienes muebles e inmuebles
es,24717,ayudas-autonomos,https://delaguialuzon.com/blog/ayudas-autonomos/,2026-05-06,2026-06-02,2,"Ayudas para autónomos en 2026: qué está en vigor, qué viene y cómo aprovecharlo"
es,24609,como-mudarse-a-espana-desde-latinoamerica,https://delaguialuzon.com/blog/como-mudarse-a-espana-desde-latinoamerica/,2026-05-04,2026-06-02,2,Cómo mudarse a España desde Latinoamérica: guía jurídica paso a paso
es,4564,el-modelo-720,https://delaguialuzon.com/blog/el-modelo-720/,2026-04-24,2026-09-29,2,Todo lo que necesitas saber sobre el Modelo 720 en España
es,4663,declaracion-de-la-renta,https://delaguialuzon.com/blog/declaracion-de-la-renta/,2026-04-17,2026-10-01,2,Declaración de la Renta 2025 en Valencia: campaña cerrada y qué hacer ahora
es,21398,regularizacion-extraordinaria,https://delaguialuzon.com/blog/regularizacion-extraordinaria/,2026-04-16,2026-10-01,2,"Regularización extraordinaria en España: el plazo del 30 de junio de 2026 ha terminado, ¿y ahora qué?"
es,23448,entrevista-gonzalo-gomez,https://delaguialuzon.com/blog/entrevista-gonzalo-gomez/,2026-04-15,2026-04-20,2,Entrevista a Gonzalo Gómez Luzón: trayectoria y visión del asesoramiento jurídico en Valencia
es,23219,alquiler-infravivienda-valencia,https://delaguialuzon.com/blog/alquiler-infravivienda-valencia/,2026-04-14,2026-04-14,2,Alquiler de infravivienda en Valencia: riesgos legales y cómo actuar
es,22820,responsabilidad-administradores-insolvencia,https://delaguialuzon.com/blog/responsabilidad-administradores-insolvencia/,2026-04-08,2026-04-24,2,Responsabilidad de los administradores en insolvencia empresarial: cómo proteger el patrimonio personal
es,22670,exencion-iva-autonomos,https://delaguialuzon.com/blog/exencion-iva-autonomos/,2026-04-01,2026-05-18,2,Exención de IVA para autónomos en España: por qué no se aplica el umbral de 85.000 euros
es,22509,licencia-turistica,https://delaguialuzon.com/blog/licencia-turistica/,2026-03-26,2026-03-26,2,Licencia turística en Valencia: requisitos legales y gestión para inversores
es,22166,inspeccion-de-trabajo,https://delaguialuzon.com/blog/inspeccion-de-trabajo/,2026-03-18,2026-06-18,2,Inspección de trabajo en España: cómo preparar su empresa ante una visita
es,21973,despido-improcedente,https://delaguialuzon.com/blog/despido-improcedente/,2026-03-11,2026-06-11,2,"Despido improcedente: asesoramiento legal, indemnización y cálculo"
es,21954,asesoramiento-empresa-familiar,https://delaguialuzon.com/blog/asesoramiento-empresa-familiar/,2026-03-04,2026-03-10,2,Asesoramiento en empresa familiar: protocolo y planificación sucesoria
es,21779,cumplimiento-normativo,https://delaguialuzon.com/blog/cumplimiento-normativo/,2026-02-24,2026-02-24,2,Blindaje Penal Corporativo y Cumplimiento Normativo
es,20962,asesoramiento-legal,https://delaguialuzon.com/blog/asesoramiento-legal/,2026-02-16,2026-02-19,2,Asesoramiento legal en la alta dirección: errores críticos en reorganizaciones y contratos
es,21113,responsabilidad-de-administradores,https://delaguialuzon.com/blog/responsabilidad-de-administradores/,2026-02-09,2026-04-08,2,Responsabilidad de administradores: concepto y tipos
es,20930,teletrabajo-internacional,https://delaguialuzon.com/blog/teletrabajo-internacional/,2026-01-29,2026-07-07,2,Teletrabajo internacional y desplazamientos: cómo evitar la doble imposición y los riesgos laborales de su plantilla global
es,20829,estrategia-y-costes-laborables,https://delaguialuzon.com/blog/estrategia-y-costes-laborables/,2026-01-23,2026-07-07,2,"Estrategia y costes laborables: control, cumplimiento y prevención de riesgos"
es,20610,inversion-inmobiliaria-en-espana,https://delaguialuzon.com/blog/inversion-inmobiliaria-en-espana/,2026-01-15,2026-04-29,2,Inversión inmobiliaria en España: control legal y fiscal
es,20627,franquicias-en-espana,https://delaguialuzon.com/blog/franquicias-en-espana/,2026-01-08,2026-01-09,2,Franquicias en España: asesoramiento legal para una expansión segura
es,20603,inversion-extranjera-en-espana,https://delaguialuzon.com/blog/inversion-extranjera-en-espana/,2025-12-26,2026-04-29,2,Inversión extranjera en España: estructuras legales y fiscales para proyectos empresariales sólidos
es,20694,planificacion-fiscal,https://delaguialuzon.com/blog/planificacion-fiscal/,2025-12-19,2026-04-29,2,Planificación fiscal: control del riesgo y eficiencia fiscal empresarial
es,20515,optimizacion-fiscal-en-espana,https://delaguialuzon.com/blog/optimizacion-fiscal-en-espana/,2025-12-16,2026-08-27,2,Optimización fiscal en España en 2026: claves esenciales para la planificación de la renta
es,20243,herencias-internacionales,https://delaguialuzon.com/blog/herencias-internacionales/,2025-12-16,2026-06-10,2,Herencias internacionales: planificación sucesoria sin riesgos fiscales
es,18894,gestion-laboral-estrategica,https://delaguialuzon.com/blog/gestion-laboral-estrategica/,2025-11-27,2026-04-29,2,Gestión laboral estratégica: optimización de costes y prevención de litigios
es,18685,proteccion-datos-empresas,https://delaguialuzon.com/blog/proteccion-datos-empresas/,2025-11-25,2026-08-27,2,Protección de datos en empresas: la clave para evitar multas RGPD y ganar confianza
es,2314,inspeccion-fiscal-en-espana,https://delaguialuzon.com/blog/inspeccion-fiscal-en-espana/,2025-10-30,2026-08-27,2,¿Cómo evitar una inspección fiscal? 
es,18198,reestructuracion-empresarial,https://delaguialuzon.com/blog/reestructuracion-empresarial/,2025-10-27,2026-05-28,2,Reestructuración empresarial: estrategias para la supervivencia y el crecimiento
es,18116,asesoramiento-fiscal,https://delaguialuzon.com/blog/asesoramiento-fiscal/,2025-10-20,2026-09-29,2,Asesoramiento fiscal internacional en España: Claves para invertir con éxito
es,17394,implantacion-espana,https://delaguialuzon.com/blog/implantacion-espana/,2025-09-24,2026-01-29,2,Caso de éxito: implantación en España de una multinacional tecnológica con acompañamiento jurídico integral
es,16665,aumento-permiso-conciliacion-familiar,https://delaguialuzon.com/blog/aumento-permiso-conciliacion-familiar/,2025-07-31,2026-04-20,2,Aumento del permiso de conciliación familiar
es,16608,calendario-laboral-2026,https://delaguialuzon.com/blog/calendario-laboral-2026/,2025-07-31,2026-09-16,2,"Calendario laboral 2026 Valencia: festivos, puentes y guía oficial"
es,15812,iva-apartamentos-turisticos,https://delaguialuzon.com/blog/iva-apartamentos-turisticos/,2025-06-11,2026-08-25,2,IVA en apartamentos turísticos: todo lo que debes saber si eres propietario
es,15648,alquileres-corta-duracion,https://delaguialuzon.com/blog/alquileres-corta-duracion/,2025-06-03,2025-11-25,2,Nueva normativa para alquileres de corta duración en España: ¿qué cambia a partir del 1 de julio de 2025?
es,15221,fernando-savater-valencia,https://delaguialuzon.com/blog/fernando-savater-valencia/,2025-05-16,2025-11-25,2,Encuentro con Fernando Savater en la Universitat de València
es,11921,entrevista-gonzalo-gomez-luzon,https://delaguialuzon.com/blog/entrevista-gonzalo-gomez-luzon/,2025-04-25,2025-11-21,2,Entrevista a Gonzalo Gómez Luzón por el 65.º aniversario de Delaguía y Luzón
es,14344,elegir-estructura-legal-startup,https://delaguialuzon.com/blog/elegir-estructura-legal-startup/,2025-04-09,2026-04-30,2,Cómo elegir la estructura legal de una startup en España
es,13716,derechos-laborales-extranjeros-en-espana,https://delaguialuzon.com/blog/derechos-laborales-extranjeros-en-espana/,2025-03-12,2026-06-25,2,Derechos laborales de los trabajadores extranjeros en España
es,13730,sentencia-tribunal-supremo-pisos-turisticos,https://delaguialuzon.com/blog/sentencia-tribunal-supremo-pisos-turisticos/,2025-03-06,2025-11-25,2,Sentencia del Tribunal Supremo sobre pisos turísticos: ¿qué cambia para las comunidades?
es,13529,herencias-en-espana,https://delaguialuzon.com/blog/herencias-en-espana/,2025-02-27,2026-06-02,2,La sucesión en España: normativa aplicable
es,12947,invertir-en-espana,https://delaguialuzon.com/blog/invertir-en-espana/,2025-01-29,2025-11-25,2,Invertir en España: oportunidades para inversores
es,12758,registro-jornada-obligatorio,https://delaguialuzon.com/blog/registro-jornada-obligatorio/,2025-01-21,2025-11-25,2,Registro de jornada obligatorio en 2025
es,11904,65-aniversario-delaguia-luzon,https://delaguialuzon.com/blog/65-aniversario-delaguia-luzon/,2025-01-08,2025-11-21,2,Delaguía y Luzón cumple 65 años
es,11788,declarar-criptomonedas,https://delaguialuzon.com/blog/declarar-criptomonedas/,2024-12-19,2026-04-29,2,"Criptomonedas y negocios en España: declarar, invertir y operar con criptomonedas"
es,10893,medidas-apoyo-afectados-dana-2024,https://delaguialuzon.com/blog/medidas-apoyo-afectados-dana-2024/,2024-11-26,2025-11-25,2,Medidas de apoyo fiscal y social para las personas afectadas por la DANA en Valencia en 2024
es,10615,decreto-viviendas-turisticas-cv,https://delaguialuzon.com/blog/decreto-viviendas-turisticas-cv/,2024-11-14,2025-11-25,2,Decreto Ley 9/2024 del Consell: nuevas restricciones y exigencias para viviendas de uso turístico en la Comunidad Valenciana
es,11121,medidas-urgentes-dana-valencia-2024,https://delaguialuzon.com/blog/medidas-urgentes-dana-valencia-2024/,2024-11-06,2025-11-25,2,Medidas urgentes para la protección del empleo y la seguridad social ante los daños causados por la DANA en Valencia
es,10318,autenticacion-eidas,https://delaguialuzon.com/blog/autenticacion-eidas/,2024-11-06,2025-11-25,2,La autenticación eIDAS: simplificando trámites fiscales para ciudadanos de la UE en España
es,9988,establishing-a-holding-company-in-spain-tax-optimization-or-risk-of-scrutiny-what-international-investors-need-to-know,https://delaguialuzon.com/blog/establishing-a-holding-company-in-spain-tax-optimization-or-risk-of-scrutiny-what-international-investors-need-to-know/,2024-10-29,2024-10-29,2,Establishing a Holding Company in Spain: Tax Optimization or Risk of Scrutiny? What International Investors Need to Know
es,7708,estrategias-financiacion-startups,https://delaguialuzon.com/blog/estrategias-financiacion-startups/,2024-07-15,2026-01-29,2,Estrategias de financiación para startups: las claves para obtener el capital que necesitas
es,7816,programa-contratacion-indefinida-jovenes,https://delaguialuzon.com/blog/programa-contratacion-indefinida-jovenes/,2024-07-02,2025-11-25,2,Programa de fomento de la contratación indefinida de personas jóvenes cualificadas en el ámbito de la Comunidad Valenciana
es,7885,subvenciones-contratacion-desempleados,https://delaguialuzon.com/blog/subvenciones-contratacion-desempleados/,2024-07-02,2025-11-25,2,"Subvenciones para la contratación indefinida de personas desempleadas pertenecientes a colectivos de atención prioritaria para el empleo en el ámbito de la Comunidad Valenciana, ECOVUL 2024"
es,7717,contratar-asesor-contable,https://delaguialuzon.com/blog/contratar-asesor-contable/,2024-06-25,2026-05-28,2,¿Por qué es imprescindible contratar un asesor contable?
es,8179,negocio-online,https://delaguialuzon.com/blog/negocio-online/,2024-06-11,2025-11-26,2,Montar un negocio online en España: todo lo que necesitas saber
es,2485,eliminacion-golden-visas-en-espana,https://delaguialuzon.com/blog/eliminacion-golden-visas-en-espana/,2024-04-15,2026-04-02,2,Golden visas en España: eliminación y situación actual
es,907,alquilar-tu-piso-airbnb-en-valencia,https://delaguialuzon.com/blog/alquilar-tu-piso-airbnb-en-valencia/,2024-03-12,2026-04-23,2,¿Es legal alquilar tu piso a través de Airbnb en Valencia? 
es,2353,desconexion-digital,https://delaguialuzon.com/blog/desconexion-digital/,2023-08-02,2025-11-26,2,Derecho a la desconexión digital y vacaciones
es,4626,nueva-revision-de-dietas-y-asignaciones-para-gastos-de-locomocion,https://delaguialuzon.com/blog/nueva-revision-de-dietas-y-asignaciones-para-gastos-de-locomocion/,2023-07-21,2025-11-21,2,Nueva revisión de dietas y asignaciones para gastos de locomoción
es,4781,novedades-en-materia-de-seguridad-social-de-los-teletrabajadores-transfronterizos,https://delaguialuzon.com/blog/novedades-en-materia-de-seguridad-social-de-los-teletrabajadores-transfronterizos/,2023-07-05,2025-11-26,2,Novedades en materia de seguridad social de los teletrabajadores transfronterizos
es,4757,ley-12-2023-de-24-de-mayo-por-el-derecho-a-la-vivienda,https://delaguialuzon.com/blog/ley-12-2023-de-24-de-mayo-por-el-derecho-a-la-vivienda/,2023-07-05,2025-11-26,2,"Ley 12/2023, del 24 de mayo, por el derecho a la vivienda"
es,2162,control-fraude-falsos-no-residentes,https://delaguialuzon.com/blog/control-fraude-falsos-no-residentes/,2023-03-08,2025-11-26,2,Control del fraude de los falsos no residentes
es,4652,recordatorio-modelo-720,https://delaguialuzon.com/blog/recordatorio-modelo-720/,2021-03-18,2026-04-29,2,"Modelo 720 en España en 2026: obligaciones, sanciones y claves para declarar bienes en el extranjero"
es,636,rebaja-de-rentas-para-negocios,https://delaguialuzon.com/blog/rebaja-de-rentas-para-negocios/,2020-12-21,2026-04-20,2,Incentivos fiscales para fomentar acuerdos de rebaja de la renta arrendaticia
fr,27316,regroupement-familial-espagne-2,https://delaguialuzon.com/fr/blog/regroupement-familial-espagne-2/,2026-09-28,2026-09-16,2,Regroupement familial en Espagne : comment faire venir sa famille
fr,27692,sinstaller-en-espagne-depuis-letranger-les-demarches-des-90-premiers-jours,https://delaguialuzon.com/fr/blog/sinstaller-en-espagne-depuis-letranger-les-demarches-des-90-premiers-jours/,2026-09-24,2026-09-15,29,S&rsquo;installer en Espagne depuis l&rsquo;étranger: les démarches des 90 premiers jours
fr,27322,residence-mariage-citoyen-espagnol,https://delaguialuzon.com/fr/blog/residence-mariage-citoyen-espagnol/,2026-09-22,2026-09-15,2,Résidence par mariage avec un citoyen espagnol: ce qu&rsquo;il faut savoir
fr,27307,residence-en-espagne-voies-acces,https://delaguialuzon.com/fr/blog/residence-en-espagne-voies-acces/,2026-09-17,2026-09-30,2,Résidence en Espagne : les différentes voies d&rsquo;accès
fr,27310,divorce-espagne-expatries,https://delaguialuzon.com/fr/blog/divorce-espagne-expatries/,2026-09-15,2026-09-15,2,Divorce en Espagne pour les expatriés: garde d&rsquo;enfants et partage des biens
fr,27325,calendrier-fiscal-espagnol,https://delaguialuzon.com/fr/blog/calendrier-fiscal-espagnol/,2026-09-11,2026-09-30,2,Calendrier fiscal espagnol : toutes les échéances pour résidents et expatriés
fr,26760,comment-se-proteger-face-au-fisc-espagnol,https://delaguialuzon.com/fr/blog/comment-se-proteger-face-au-fisc-espagnol/,2026-07-09,2026-09-12,29,Le « Syndrome Van Gaal » et la loi Beckham en Espagne : comment se protéger face au fisc espagnol en 2026
fr,26678,assurance-sante-privee-espagne-expatries,https://delaguialuzon.com/fr/blog/assurance-sante-privee-espagne-expatries/,2026-07-07,2026-09-18,2,"L&rsquo;assurance santé privée en Espagne pour expatriés : coûts, assureurs et exigences de visa"
fr,25840,cotisations-autonomos-2026-baremes-reta,https://delaguialuzon.com/fr/blog/cotisations-autonomos-2026-baremes-reta/,2026-06-17,2026-09-15,2,"Cotisations autonomos 2026 en Espagne : 15 tranches RETA, tarifa plana 80 €, régularisation TGSS"
fr,26023,renouvellement-titre-sejour-non-lucratif,https://delaguialuzon.com/fr/blog/renouvellement-titre-sejour-non-lucratif/,2026-06-15,2026-06-17,2,Renouvellement du titre de séjour non lucratif : la nouvelle condition des 183 jours (RD 1155/2024)
fr,25839,convention-fiscale-franco-espagnole,https://delaguialuzon.com/fr/blog/convention-fiscale-franco-espagnole/,2026-06-05,2026-09-12,2,"Convention fiscale franco-espagnole 2026 : résidence, double imposition et crédit d&rsquo;impôt"
fr,16694,conge-parental-en-espagne,https://delaguialuzon.com/fr/blog/conge-parental-en-espagne/,2026-05-29,2026-06-02,2,Congé parental en Espagne : ce qui change vraiment en 2025-2026
fr,25663,visa-nomade-digital-espagne,https://delaguialuzon.com/fr/blog/visa-nomade-digital-espagne/,2026-05-29,2026-09-18,2,"Visa nomade digital espagnol (DNV) 2026 : guide complet pour francophones, conditions et régime Beckham étendu"
fr,25653,reforme-itp-communaute-valencienne,https://delaguialuzon.com/fr/blog/reforme-itp-communaute-valencienne/,2026-05-29,2026-09-18,2,"Réforme de l&rsquo;ITP en Communauté valencienne 2026 : taux à 9 %, Loi 5/2025 et Modelo 600"
fr,24989,hebergements-touristiques-valence,https://delaguialuzon.com/fr/blog/hebergements-touristiques-valence/,2026-05-08,2026-05-08,2,Nouvelles règles applicables aux hébergements touristiques à Valence (2026) : ce qu&rsquo;il faut retenir
fr,16140,succession-internationale-espagne,https://delaguialuzon.com/fr/blog/succession-internationale-espagne/,2026-05-07,2026-09-14,2,Succession internationale en Espagne : le cas concret d’une famille belge
fr,24773,aides-aux-travailleurs-independants,https://delaguialuzon.com/fr/blog/aides-aux-travailleurs-independants/,2026-05-06,2026-05-08,2,"Aides aux travailleurs indépendants en 2026 : ce qui est en vigueur, ce qui change et comment en profiter"
fr,888,loi-beckham-regime-fiscal,https://delaguialuzon.com/fr/blog/loi-beckham-regime-fiscal/,2026-04-27,2026-09-12,2,Loi Beckham : tout savoir sur ce régime fiscal créé pour les étrangers
fr,2678,tout-savoir-sur-le-modelo-720,https://delaguialuzon.com/fr/blog/tout-savoir-sur-le-modelo-720/,2026-04-24,2026-04-24,2,Tout savoir sur le « Modelo 720 »
fr,2186,reduction-dimpots-autonomos,https://delaguialuzon.com/fr/blog/reduction-dimpots-autonomos/,2026-04-20,2026-05-06,2,Auto-entrepreneur en Espagne : comment réduire vos impôts ?
fr,4580,impots-sur-le-revenu-en-espagne,https://delaguialuzon.com/fr/blog/impots-sur-le-revenu-en-espagne/,2026-04-17,2026-10-01,2,"Impôt sur le revenu en Espagne : barème IRPF, déclaration et comparaison avec la France"
fr,21471,regularisation-exceptionnelle-etrangers-espagne,https://delaguialuzon.com/fr/blog/regularisation-exceptionnelle-etrangers-espagne/,2026-04-16,2026-09-30,2,"Régularisation exceptionnelle en Espagne : le délai du 30 juin 2026 est clos, et maintenant ?"
fr,3247,acheter-maison-communaute-valencienne,https://delaguialuzon.com/fr/blog/acheter-maison-communaute-valencienne/,2026-03-09,2026-08-24,2,"Acheter une maison en Communauté valencienne 2026 : 7 raisons, ITP réformé et rentabilité"
fr,897,frais-donation-immobilier-espagne,https://delaguialuzon.com/fr/blog/frais-donation-immobilier-espagne/,2026-03-02,2026-04-30,2,Quels frais se rapportent à la donation d&rsquo;un bien immobilier en Espagne ?
fr,2573,declarer-les-impots-en-espagne,https://delaguialuzon.com/fr/blog/declarer-impots-espagne/,2026-01-26,2026-06-29,2,Expatriés français : comment bien déclarer les impôts en Espagne
fr,20558,optimisation-fiscale-en-espagne,https://delaguialuzon.com/fr/blog/optimisation-fiscale-en-espagne/,2025-12-16,2026-04-30,2,Optimisation fiscale en Espagne 2026 : clés essentielles pour la planification de l’impôt sur le revenu
fr,20166,ouvrir-un-compte-en-banque-en-espagne,https://delaguialuzon.com/fr/blog/ouvrir-un-compte-en-banque-en-espagne/,2025-12-15,2026-05-28,2,Comment ouvrir un compte en banque en Espagne en tant que non-résident ?
fr,19975,impot-sur-la-fortune-en-espagne,https://delaguialuzon.com/fr/blog/impot-sur-la-fortune-en-espagne/,2025-11-25,2026-04-30,2,L&rsquo;impôt sur la fortune en Espagne: stratégies patrimoniales gagnantes pour les non-résidents
fr,18814,restructuration-entreprise-espagne,https://delaguialuzon.com/fr/blog/restructuration-entreprise-espagne/,2025-11-13,2026-05-28,2,"Restructuration d&rsquo;entreprise en Espagne 2026 : Ley 16/2022, plan préventif et insolvabilité"
fr,2297,controle-fiscal-en-espagne,https://delaguialuzon.com/fr/blog/controle-fiscal-en-espagne/,2025-10-30,2026-04-30,2,Comment éviter un contrôle fiscal en Espagne ?
fr,18283,audit-immobilier-en-espagne,https://delaguialuzon.com/fr/blog/audit-immobilier-en-espagne/,2025-10-23,2026-04-14,2,Audit immobilier en Espagne : sécuriser vos investissements fonciers et immobiliers
fr,2286,tout-savoir-de-limpot-sur-la-plus-value-immobiliere-en-espagne,https://delaguialuzon.com/fr/blog/tout-savoir-de-limpot-sur-la-plus-value-immobiliere-en-espagne/,2025-10-14,2026-09-18,2,Plus-value immobilière en Espagne : tout ce que vous devez savoir avant de vendre
fr,4555,sci-en-espagne,https://delaguialuzon.com/fr/blog/sci-en-espagne/,2025-10-08,2026-04-16,2,Constitution d’une Société Civile Immobilière (SCI) en Espagne
fr,2030,trouver-un-avocat-parlant-francais-a-valencia,https://delaguialuzon.com/fr/blog/trouver-un-avocat-parlant-francais-a-valencia/,2025-10-07,2026-04-30,2,Comment trouver un avocat parlant français à Valencia ?
fr,17410,audit-de-contrats-commerciaux,https://delaguialuzon.com/fr/blog/audit-de-contrats-commerciaux/,2025-09-19,2026-04-17,2,Audit de contrats commerciaux en Espagne : sécurisez vos partenariats avant qu’il ne soit trop tard
fr,16177,indemnite-licenciement-injustifie,https://delaguialuzon.com/fr/blog/indemnite-licenciement-injustifie/,2025-07-24,2026-04-21,2,"Licenciement injustifié en Espagne : indemnité, comparaison France et délais de recours"
fr,15895,tva-sur-les-locations-touristiques-en-espagne,https://delaguialuzon.com/fr/blog/tva-sur-les-locations-touristiques-en-espagne/,2025-06-11,2026-04-30,2,"TVA sur les locations touristiques en Espagne, tout ce que vous devez savoir si vous êtes propriétaire"
fr,15720,locations-courte-duree-espagne,https://delaguialuzon.com/fr/blog/locations-courte-duree-espagne/,2025-06-03,2026-09-30,2,Location courte durée en Espagne en 2026 : règlement européen et fin du registre unique
fr,15202,creation-franchise-espagne,https://delaguialuzon.com/fr/blog/creation-franchise-espagne/,2025-05-20,2026-09-15,2,"Comment créer une franchise en Espagne : étapes, statut juridique et financement"
fr,13644,entretien-gonzalo-gomez-luzon,https://delaguialuzon.com/fr/blog/entretien-gonzalo-gomez-luzon/,2025-04-25,2026-04-14,2,Entretien avec Gonzalo Gómez Luzón à l&rsquo;occasion du 65e anniversaire de Delaguía &#038; Luzón
fr,14416,creer-une-startup-en-espagne,https://delaguialuzon.com/fr/blog/creer-une-startup-en-espagne/,2025-04-09,2026-04-23,2,"Créer une startup en Espagne : statut juridique, Ley 28/2022 et guide complet 2026"
fr,14405,heritage-en-espagne,https://delaguialuzon.com/fr/blog/heritage-en-espagne/,2025-04-03,2026-05-26,2,Héritage en Espagne : guide pour les héritiers francophones
fr,13923,droits-du-travail-des-etrangers-en-espagne,https://delaguialuzon.com/fr/blog/droits-du-travail-des-etrangers-en-espagne/,2025-03-12,2026-04-17,2,Droits des travailleurs étrangers en Espagne
fr,13762,logements-touristiques-en-espagne,https://delaguialuzon.com/fr/blog/logements-touristiques-en-espagne/,2025-03-06,2026-04-14,2,Décision de la Cour suprême à propos des logements touristiques en Espagne : quels changements pour les copropriétés ?
fr,13539,heritages-internationaux-en-espagne,https://delaguialuzon.com/fr/blog/heritages-internationaux-en-espagne/,2025-02-27,2026-04-29,2,Réglementation applicable pour les héritages internationaux en Espagne
fr,13243,salaire-minimum-interprofessionnel-2025,https://delaguialuzon.com/fr/blog/salaire-minimum-interprofessionnel-2025/,2025-02-13,2026-10-01,2,SMI en Espagne 2026 : 1 221 € bruts par mois (Décret royal 126/2026)
fr,12930,investir-en-espagne,https://delaguialuzon.com/fr/blog/investir-en-espagne/,2025-01-29,2026-07-01,2,"Investir en Espagne en 2026 : immobilier, finance, entreprise, le panorama complet"
fr,11969,65e-anniversaire-delaguia-luzon,https://delaguialuzon.com/fr/blog/65e-anniversaire-delaguia-luzon/,2025-01-08,2025-07-31,2,Delaguía &amp; Luzón fête son 65e anniversaire
fr,11817,cryptomonnaies-et-entreprises-en-espagne,https://delaguialuzon.com/fr/blog/cryptomonnaies-et-entreprises-en-espagne/,2024-12-19,2026-09-12,2,"Cryptomonnaies et entreprises en Espagne 2026 : Modelo 721, MiCA, DAC8, le guide complet"
fr,11051,mesures-soutien-dana-2024-valence,https://delaguialuzon.com/fr/blog/mesures-soutien-dana-2024-valence/,2024-11-26,2026-04-20,2,Mesures fiscales et sociales pour les victimes de la DANA à Valence en 2024
fr,10629,decret-logements-touristiques-communaute-valencienne,https://delaguialuzon.com/fr/blog/decret-logements-touristiques-communaute-valencienne/,2024-11-14,2026-05-11,2,"Logements touristiques Communauté Valencienne 2026 : Décret 9/2024, NRA et règlement UE"
fr,11137,mesures-urgentes-dana-valencia-2024,https://delaguialuzon.com/fr/blog/mesures-urgentes-dana-valencia-2024/,2024-11-06,2026-09-12,2,Mesures urgentes pour la protection de l&#8217;emploi et de la Sécurité sociale à la lumière des dommages causés par la DANA à Valence
fr,10335,reglement-eidas,https://delaguialuzon.com/fr/blog/reglement-eidas/,2024-11-06,2026-05-28,2,Règlement eIDAS 2.0 et EUDI Wallet 2026 : l&rsquo;identité numérique européenne en Espagne
fr,10023,constituer-societe-holding-en-espagne,https://delaguialuzon.com/fr/blog/constituer-societe-holding-en-espagne/,2024-10-29,2026-04-30,2,Constituer une société holding en Espagne : optimisation fiscale ou risque de contrôle fiscal ?
fr,8655,travailler-en-espagne-en-tant-que-francais,https://delaguialuzon.com/fr/blog/travailler-en-espagne-en-tant-que-francais/,2024-09-16,2026-09-12,2,Travailler en Espagne en 2026 : guide pour francophones
fr,8615,declarer-crypto-en-espagne,https://delaguialuzon.com/fr/blog/declarer-crypto-en-espagne/,2024-09-10,2026-05-28,2,"Déclarer ses cryptomonnaies en Espagne 2026 : IRPF, Modelo 721, DAC8 et sanctions"
fr,7650,couts-securite-sociale,https://delaguialuzon.com/fr/blog/couts-securite-sociale/,2024-09-03,2026-04-13,2,Les coûts de la Sécurité sociale : un enjeu pour les entreprises espagnoles
fr,8361,strategies-financement-startups,https://delaguialuzon.com/fr/blog/strategies-financement-startups/,2024-07-15,2026-04-13,2,Stratégies de financement pour les start-ups : les clés pour obtenir les capitaux dont vous avez besoin
fr,7837,aide-embauche-jeunes,https://delaguialuzon.com/fr/blog/aide-embauche-jeunes/,2024-07-02,2026-04-13,2,Programme de promotion de l&#8217;embauche à durée indéterminée de jeunes qualifiés dans la Communauté Valencienne
fr,7911,subventions-embauche-personnes-chomage,https://delaguialuzon.com/fr/blog/subventions-embauche-personnes-chomage/,2024-07-02,2026-04-13,2,"Subventions pour l&#8217;embauche indéfinie de personnes au chômage appartenant a des groupes prioritaires pour l&#8217;emploi en Communauté Valencienne, ECOVUL 2024"
fr,8402,engager-comptable-valencia,https://delaguialuzon.com/fr/blog/engager-comptable-valencia/,2024-06-25,2026-05-28,2,"Comptable qualifié à Valence 2026 : Verifactu, e-facture B2B et obligations comptables"
fr,7335,crowdfunding-immobilier-espagne,https://delaguialuzon.com/fr/blog/crowdfunding-immobilier-espagne/,2024-06-17,2026-05-28,2,"Crowdfunding immobilier en Espagne 2026 : règlement ECSP, plateformes CNMV et fiscalité"
fr,6658,business-en-ligne,https://delaguialuzon.com/fr/blog/business-en-ligne/,2024-06-11,2026-09-15,2,Lancer un business en ligne en Espagne : l’essentiel à savoir
fr,4796,fiscalite-retraite-espagne,https://delaguialuzon.com/fr/blog/fiscalite-retraite-espagne/,2024-05-14,2026-07-07,2,Fiscalité de la retraite en Espagne : guide pour les expatriés et investisseurs
fr,4343,successions-donations-changements-valencia,https://delaguialuzon.com/fr/blog/successions-donations-changements-valencia/,2024-05-07,2026-04-13,2,Améliorations introduites dans la communauté valencienne concernant l&rsquo;impôt sur les successions et les donations
fr,2823,location-bien-immobilier-espagne,https://delaguialuzon.com/fr/blog/location-bien-immobilier-espagne/,2024-04-17,2026-05-28,2,"Mettre en location un bien en Espagne 2026 : 10 conseils, loi 12/2023 et fiscalité"
fr,3455,suppression-golden-visas-espagne,https://delaguialuzon.com/fr/blog/suppression-golden-visas-espagne/,2024-04-15,2026-07-01,2,La suppression du Golden Visa en Espagne : ce que vous devez savoir
fr,1819,location-valence,https://delaguialuzon.com/fr/blog/louer-a-valence/,2024-03-21,2026-04-17,2,Les aspects juridiques liés à la location à Valence
fr,1130,location-airbnb-a-valence,https://delaguialuzon.com/fr/blog/location-airbnb-a-valence/,2024-03-12,2026-04-30,2,La location d’un appartement sur Airbnb à Valence est-elle autorisée par la loi ? 
fr,2781,teletravail-en-espagne,https://delaguialuzon.com/fr/blog/tout-savoir-sur-le-teletravail-en-espagne/,2023-11-10,2026-07-01,2,Tout savoir sur le télétravail en Espagne
fr,2645,la-fiscalite-espagnole-tout-savoir-avant-de-sexpatrier,https://delaguialuzon.com/fr/blog/la-fiscalite-espagnole-tout-savoir-avant-de-s-expatrier/,2023-11-08,2026-07-24,2,La fiscalité espagnole : tout savoir avant de s’expatrier
fr,1557,restructuration-entreprises-espagne,https://delaguialuzon.com/fr/blog/restructuration-entreprises-espagne/,2023-09-14,2026-04-13,2,Restructuration d&rsquo;entreprises en difficulté en Espagne. Gérer la crise avec succès.
fr,2337,deconnexion-numerique-vacances,https://delaguialuzon.com/fr/blog/deconnexion-numerique-vacances/,2023-08-02,2026-04-13,2,Espagne: Droit à la déconnexion numérique et vacances
fr,4768,loi-12-2023-24-mai-droit-au-logement,https://delaguialuzon.com/fr/blog/loi-12-2023-du-24-mai-pour-le-droit-au-logement/,2023-07-05,2026-04-13,2,"Loi 12/2023, du 24 mai, pour le droit au logement"
fr,2505,lutte-contre-fraude-faux-non-residents-espagne,https://delaguialuzon.com/fr/blog/lutte-contre-fraude-faux-non-residents-espagne/,2023-03-08,2026-04-15,2,Lutte contre la fraude des faux non-résidents
fr,5798,plafond-paiements-especes-espagne,https://delaguialuzon.com/fr/blog/plafond-paiements-espece-espagne/,2022-09-08,2026-04-15,2,Quel est le plafond des paiements en espèces en Espagne ?
fr,4371,qui-est-assujetti-a-lirpf-en-espagne,https://delaguialuzon.com/fr/blog/assujetti-irpf-espagne/,2022-09-02,2026-09-18,2,"IRPF en Espagne 2026 : barèmes, résidence fiscale et Loi Beckham"
fr,3213,conge-parental-autonomos,https://delaguialuzon.com/fr/blog/conge-parental-autonomos/,2022-06-23,2026-04-13,2,Tout savoir sur le congé parental pour les autonomos
fr,3274,appartement-etudiant-valencia,https://delaguialuzon.com/fr/blog/louer-appartement-etudiant-valencia/,2022-06-12,2026-04-13,2,Louer un appartement étudiant à Valencia
fr,4687,impots-immobiliers-espagne,https://delaguialuzon.com/fr/blog/impots-achat-vente-immobiliere-en-espagne/,2022-06-01,2026-07-02,2,Les impôts à payer lors d’un achat et d’une vente immobilière en Espagne
fr,5115,valencia-beaux-sites-visiter,https://delaguialuzon.com/fr/blog/valencia-beaux-sites-visiter/,2022-05-18,2026-04-13,2,Les plus beaux sites à visiter aux alentours de Valencia
fr,3243,investir-immobilier-communaute-valencienne,https://delaguialuzon.com/fr/blog/investir-immobilier-communaute-valencienne/,2022-05-06,2026-07-02,2,5 avantages à investir dans l’immobilier dans la Communauté valencienne
fr,900,padron-municipal-espagnol,https://delaguialuzon.com/fr/blog/tout-savoir-sur-le-padron-municipal-espagnol/,2022-04-19,2026-04-13,2,Tout savoir sur le padrón municipal espagnol
fr,3594,ouvrir-une-entreprise-en-espagne,https://delaguialuzon.com/fr/blog/monter-entreprise-espagne/,2022-04-16,2026-05-06,2,Les étapes à suivre pour ouvrir une entreprise en Espagne
fr,1691,creer-entreprise-en-espagne,https://delaguialuzon.com/fr/blog/creer-une-entreprise-en-espagne/,2022-04-16,2026-07-01,2,"Créer une entreprise en Espagne : démarches, fiscalité et accompagnement d’experts"
fr,2362,sarl-francaise-sl-espagnole,https://delaguialuzon.com/fr/blog/differences-entre-une-sarl-francaise-et-une-sl-espagnole/,2022-04-06,2026-04-15,2,Différences entre une SARL française et une SL espagnole
fr,5190,lapostille-en-espagne,https://delaguialuzon.com/fr/blog/apostille-en-espagne/,2022-03-09,2026-04-30,2,"L&rsquo;apostille en Espagne : procédure, coûts et délais en 2025"
fr,2667,importer-voiture-france-espagne,https://delaguialuzon.com/fr/blog/importer-voiture-france-espagne/,2022-02-23,2026-09-15,2,Importer ma voiture depuis la France pour usage privé en Espagne
fr,4812,arret-de-la-cour-de-justice,https://delaguialuzon.com/fr/blog/arret-de-la-cour-de-justice/,2022-02-14,2026-04-13,2,Arrêt de la cour de justice de l’Union européenne &#8211; régime de sanction
fr,3254,etudier-en-espagne-demarches,https://delaguialuzon.com/fr/blog/etudier-en-espagne-demarches/,2022-01-17,2026-07-07,2,Étudier en Espagne : quelles sont les démarches ?
fr,4844,comment-trouver-un-bon-gestor-en-espagne,https://delaguialuzon.com/fr/blog/comment-trouver-un-bon-gestor-en-espagne/,2021-12-22,2026-07-24,2,Gestor francophone à Valencia : trouver le bon professionnel
fr,3496,tout-savoir-sur-limpot-des-societes-en-espagne,https://delaguialuzon.com/fr/blog/impot-societes-espagne/,2021-12-21,2026-04-30,2,Tout savoir sur l’impôt des sociétés en Espagne
fr,2687,espagne-quel-statut-juridique-choisir-pour-votre-entreprise,https://delaguialuzon.com/fr/blog/statut-juridique-entreprise/,2021-12-13,2026-05-28,2,"Statut juridique d&rsquo;entreprise en Espagne 2026 : autónomo, SL, SA, le guide comparatif"
fr,4345,quels-sont-les-differents-types-dimpots-en-espagne,https://delaguialuzon.com/fr/blog/differents-types-impots-espagne/,2021-12-03,2026-07-02,2,Quels sont les différents types d’impôts en Espagne ?
fr,2519,rentabilite-locative-espagne,https://delaguialuzon.com/fr/blog/rentabilite-locative-espagne/,2021-11-05,2026-04-13,2,Investissement immobilier : la rentabilité locative en Espagne
fr,2396,pourquoi-et-comment-obtenir-le-nie-en-espagne,https://delaguialuzon.com/fr/blog/pourquoi-comment-obtenir-nie-espagne/,2021-10-07,2026-07-24,2,Pourquoi et comment obtenir le NIE en Espagne ?
fr,3013,investir-immobilier-espagne,https://delaguialuzon.com/fr/blog/investir-immobilier-espagne/,2021-10-04,2026-07-02,2,Tout ce qu’il faut savoir avant d’investir dans l’immobilier en Espagne
fr,3100,devenir-auto-entrepreneur-en-espagne,https://delaguialuzon.com/fr/blog/devenir-auto-entrepreneur-en-espagne/,2021-06-17,2026-07-07,2,"Devenir auto-entrepreneur en Espagne en 2026: tout savoir (Démarches, coûts, astuces)"
fr,2146,bien-immobilier-en-espagne,https://delaguialuzon.com/fr/blog/bien-immobilier-en-espagne/,2021-05-11,2026-09-18,2,Quels impôts s&rsquo;appliquent à l’achat d’un bien immobilier en Espagne ?
fr,2224,contrat-darrhes,https://delaguialuzon.com/fr/blog/contrat-darrhes/,2021-05-06,2026-07-02,2,Le « contrat d&rsquo;arrhes » : une spécificité espagnole
fr,4413,acquerir-un-bien-immobilier-en-espagne,https://delaguialuzon.com/fr/blog/acquerir-un-bien-immobilier-en-espagne/,2021-05-05,2026-07-02,2,Acquérir un bien immobilier en Espagne : un investissement avantageux
fr,4935,conseiller-juridique-franco-espagnol-valencia,https://delaguialuzon.com/fr/blog/conseiller-juridique-franco-espagnol-valencia/,2021-03-02,2026-04-13,2,"Delaguía y Luzón, votre cabinet juridique franco-espagnol de confiance à València"
fr,1207,differences-carte-verte-nie-et-tie,https://delaguialuzon.com/fr/blog/differences-carte-verte-nie-et-tie/,2021-03-02,2026-07-07,2,"Différences entre la carte verte, le NIE et la TIE"
fr,905,bien-immobilier-non-loue-en-espagne,https://delaguialuzon.com/fr/blog/bien-immobilier-non-loue-en-espagne/,2020-03-24,2026-04-14,2,"Propriétaires d&rsquo;un bien immobilier non loué en Espagne, que devez-vous savoir?"
ru,26964,%d1%81%d0%b8%d0%bd%d0%b4%d1%80%d0%be%d0%bc-%d0%b2%d0%b0%d0%bd-%d0%b3%d0%b0%d0%bb%d0%b0-%d0%b8-%d0%b7%d0%b0%d0%ba%d0%be%d0%bd-%d0%b1%d0%b5%d0%ba%d1%85%d1%8d%d0%bc%d0%b0-%d0%b2-%d0%b8%d1%81%d0%bf,https://delaguialuzon.com/ru/blog/%D1%81%D0%B8%D0%BD%D0%B4%D1%80%D0%BE%D0%BC-%D0%B2%D0%B0%D0%BD-%D0%B3%D0%B0%D0%BB%D0%B0-%D0%B8-%D0%B7%D0%B0%D0%BA%D0%BE%D0%BD-%D0%B1%D0%B5%D0%BA%D1%85%D1%8D%D0%BC%D0%B0-%D0%B2-%D0%B8%D1%81%D0%BF/,2026-07-17,2026-07-17,29,Синдром Ван Гала» и закон Бекхэма в Испании: как защитить себя от налоговой в 2026 году (DUPLICAR)
ru,26030,%d0%bf%d1%80%d0%be%d0%b4%d0%bb%d0%b5%d0%bd%d0%b8%d0%b5-%d0%b2%d0%bd%d0%b6-%d0%b1%d0%b5%d0%b7-%d0%bf%d1%80%d0%b0%d0%b2%d0%b0-%d0%bd%d0%b0-%d1%80%d0%b0%d0%b1%d0%be%d1%82%d1%83,https://delaguialuzon.com/ru/blog/%D0%BF%D1%80%D0%BE%D0%B4%D0%BB%D0%B5%D0%BD%D0%B8%D0%B5-%D0%B2%D0%BD%D0%B6-%D0%B1%D0%B5%D0%B7-%D0%BF%D1%80%D0%B0%D0%B2%D0%B0-%D0%BD%D0%B0-%D1%80%D0%B0%D0%B1%D0%BE%D1%82%D1%83/,2026-06-15,2026-07-06,2,Продление ВНЖ без права на работу: новое требование 183 дней (RD 1155/2024)
ru,24774,%d1%81%d1%83%d0%b1%d1%81%d0%b8%d0%b4%d0%b8%d0%b8-%d0%b4%d0%bb%d1%8f-%d1%81%d0%b0%d0%bc%d0%be%d0%b7%d0%b0%d0%bd%d1%8f%d1%82%d1%8b%d1%85,https://delaguialuzon.com/ru/blog/%D1%81%D1%83%D0%B1%D1%81%D0%B8%D0%B4%D0%B8%D0%B8-%D0%B4%D0%BB%D1%8F-%D1%81%D0%B0%D0%BC%D0%BE%D0%B7%D0%B0%D0%BD%D1%8F%D1%82%D1%8B%D1%85/,2026-05-06,2026-09-15,2,"Субсидии для самозанятых в 2026 году: что уже действует, что ожидается и как этим воспользоваться"
ru,24366,%d0%bd%d0%b0%d0%bb%d0%be%d0%b3-%d0%bd%d0%b0-%d0%b1%d0%be%d0%b3%d0%b0%d1%82%d1%81%d1%82%d0%b2%d0%be-%d0%b8%d1%81%d0%bf%d0%b0%d0%bd%d0%b8%d1%8f,https://delaguialuzon.com/ru/blog/%D0%BD%D0%B0%D0%BB%D0%BE%D0%B3-%D0%BD%D0%B0-%D0%B1%D0%BE%D0%B3%D0%B0%D1%82%D1%81%D1%82%D0%B2%D0%BE-%D0%B8%D1%81%D0%BF%D0%B0%D0%BD%D0%B8%D1%8F/,2026-04-27,2026-05-13,2,Налог на богатство в Испании 2026: миллион евро освобождён в Валенсии
ru,1772,%d0%b7%d0%b0%d0%ba%d0%be%d0%bd-%d0%b1%d0%b5%d0%ba%d1%85%d1%8d%d0%bc%d0%b0-%d0%bd%d0%b0%d0%bb%d0%be%d0%b3%d0%b8-%d0%b8%d1%81%d0%bf%d0%b0%d0%bd%d0%b8%d1%8f-%d0%b8%d0%bd%d0%be%d1%81%d1%82%d1%80%d0%b0,https://delaguialuzon.com/ru/blog/%D0%B7%D0%B0%D0%BA%D0%BE%D0%BD-%D0%B1%D0%B5%D0%BA%D1%85%D1%8D%D0%BC%D0%B0-%D0%BD%D0%B0%D0%BB%D0%BE%D0%B3%D0%B8-%D0%B8%D1%81%D0%BF%D0%B0%D0%BD%D0%B8%D1%8F-%D0%B8%D0%BD%D0%BE%D1%81%D1%82%D1%80%D0%B0/,2026-04-27,2026-05-13,2,Закон Бекхэма в Испании: налоговый режим для импатриатов
ru,24295,%d0%b2%d0%b8%d0%b7%d0%b0-%d1%86%d0%b8%d1%84%d1%80%d0%be%d0%b2%d0%be%d0%b3%d0%be-%d0%ba%d0%be%d1%87%d0%b5%d0%b2%d0%bd%d0%b8%d0%ba%d0%b0-%d0%b2-%d0%b8%d1%81%d0%bf%d0%b0%d0%bd%d0%b8%d1%8e,https://delaguialuzon.com/ru/blog/%D0%B2%D0%B8%D0%B7%D0%B0-%D1%86%D0%B8%D1%84%D1%80%D0%BE%D0%B2%D0%BE%D0%B3%D0%BE-%D0%BA%D0%BE%D1%87%D0%B5%D0%B2%D0%BD%D0%B8%D0%BA%D0%B0-%D0%B2-%D0%B8%D1%81%D0%BF%D0%B0%D0%BD%D0%B8%D1%8E-%D1%82%D1%80/,2026-04-27,2026-05-13,2,Виза цифрового кочевника в Испанию: требования и доход
ru,23581,%d1%8d%d0%ba%d1%81%d1%82%d1%80%d0%b0%d0%be%d1%80%d0%b4%d0%b8%d0%bd%d0%b0%d1%80%d0%bd%d0%b0%d1%8f-%d0%bb%d0%b5%d0%b3%d0%b0%d0%bb%d0%b8%d0%b7%d0%b0%d1%86%d0%b8%d1%8f,https://delaguialuzon.com/ru/blog/%D1%8D%D0%BA%D1%81%D1%82%D1%80%D0%B0%D0%BE%D1%80%D0%B4%D0%B8%D0%BD%D0%B0%D1%80%D0%BD%D0%B0%D1%8F-%D0%BB%D0%B5%D0%B3%D0%B0%D0%BB%D0%B8%D0%B7%D0%B0%D1%86%D0%B8%D1%8F/,2026-04-16,2026-10-01,2,"Экстраординарная легализация в Испании: срок 30 июня 2026 года истёк, что дальше?"
ru,15904,%d0%bd%d0%b4%d1%81-%d0%ba%d0%b2%d0%b0%d1%80%d1%82%d0%b8%d1%80%d1%8b-%d1%82%d1%83%d1%80%d0%b8%d1%81%d1%82%d1%8b-%d0%b8%d1%81%d0%bf%d0%b0%d0%bd%d0%b8%d1%8f,https://delaguialuzon.com/ru/blog/%D0%BD%D0%B4%D1%81-%D0%BA%D0%B2%D0%B0%D1%80%D1%82%D0%B8%D1%80%D1%8B-%D1%82%D1%83%D1%80%D0%B8%D1%81%D1%82%D1%8B-%D0%B8%D1%81%D0%BF%D0%B0%D0%BD%D0%B8%D1%8F/,2025-06-11,2026-05-13,2,"НДС для квартир, сдаваемых туристам: все, что необходимо знать владельцам"
ru,14634,%d0%b8%d0%bd%d1%82%d0%b5%d1%80%d0%b2%d1%8c%d1%8e-%d0%b3%d0%be%d0%bd%d1%81%d0%b0%d0%bb%d0%be-%d0%b3%d0%be%d0%bc%d0%b5%d1%81-%d0%bb%d1%83%d1%81%d0%be%d0%bd,https://delaguialuzon.com/ru/blog/%D0%B8%D0%BD%D1%82%D0%B5%D1%80%D0%B2%D1%8C%D1%8E-%D0%B3%D0%BE%D0%BD%D1%81%D0%B0%D0%BB%D0%BE-%D0%B3%D0%BE%D0%BC%D0%B5%D1%81-%D0%BB%D1%83%D1%81%D0%BE%D0%BD/,2025-04-25,2026-05-13,2,Интервью с Гонсало Гомесом Лусоном — 65 лет Delaguía y Luzón
ru,14460,%d0%ba%d0%b0%d0%ba-%d1%83%d1%87%d1%80%d0%b5%d0%b4%d0%b8%d1%82%d1%8c-%d1%81%d1%82%d0%b0%d1%80%d1%82%d0%b0%d0%bf-%d0%b2-%d0%b8%d1%81%d0%bf%d0%b0%d0%bd%d0%b8%d0%b8,https://delaguialuzon.com/ru/blog/%D0%BA%D0%B0%D0%BA-%D1%83%D1%87%D1%80%D0%B5%D0%B4%D0%B8%D1%82%D1%8C-%D1%81%D1%82%D0%B0%D1%80%D1%82%D0%B0%D0%BF-%D0%B2-%D0%B8%D1%81%D0%BF%D0%B0%D0%BD%D0%B8%D0%B8/,2025-04-09,2026-05-13,2,Как учредить стартап в Испании: пошаговое руководство 2026
ru,13927,%d0%b8%d0%bd%d0%be%d1%81%d1%82%d1%80%d0%b0%d0%bd%d0%bd%d1%8b%d0%b5-%d1%80%d0%b0%d0%b1%d0%be%d1%82%d0%bd%d0%b8%d0%ba%d0%b8-%d0%b2-%d0%b8%d1%81%d0%bf%d0%b0%d0%bd%d0%b8%d0%b8-%d0%bf%d1%80%d0%b0%d0%b2,https://delaguialuzon.com/ru/blog/%D0%B8%D0%BD%D0%BE%D1%81%D1%82%D1%80%D0%B0%D0%BD%D0%BD%D1%8B%D0%B5-%D1%80%D0%B0%D0%B1%D0%BE%D1%82%D0%BD%D0%B8%D0%BA%D0%B8-%D0%B2-%D0%B8%D1%81%D0%BF%D0%B0%D0%BD%D0%B8%D0%B8-%D0%BF%D1%80%D0%B0%D0%B2/,2025-03-12,2026-05-13,2,Права иностранных работников в Испании: трудовые гарантии
ru,13794,%d1%80%d0%b5%d1%88%d0%b5%d0%bd%d0%b8%d0%b5-%d0%b2%d0%b5%d1%80%d1%85%d0%be%d0%b2%d0%bd%d0%be%d0%b3%d0%be-%d1%81%d1%83%d0%b4%d0%b0-%d1%82%d1%83%d1%80%d0%b8%d1%81%d1%82%d0%b8%d1%87%d0%b5%d1%81%d0%ba,https://delaguialuzon.com/ru/blog/%D1%80%D0%B5%D1%88%D0%B5%D0%BD%D0%B8%D0%B5-%D0%B2%D0%B5%D1%80%D1%85%D0%BE%D0%B2%D0%BD%D0%BE%D0%B3%D0%BE-%D1%81%D1%83%D0%B4%D0%B0-%D1%82%D1%83%D1%80%D0%B8%D1%81%D1%82%D0%B8%D1%87%D0%B5%D1%81%D0%BA/,2025-03-06,2026-05-13,2,Туристическая аренда в Испании: решение Верховного суда
ru,13540,%d0%bd%d0%b0%d1%81%d0%bb%d0%b5%d0%b4%d1%81%d1%82%d0%b2%d0%be-%d0%b2-%d0%b8%d1%81%d0%bf%d0%b0%d0%bd%d0%b8%d0%b8,https://delaguialuzon.com/ru/blog/%D0%BD%D0%B0%D1%81%D0%BB%D0%B5%D0%B4%D1%81%D1%82%D0%B2%D0%BE-%D0%B2-%D0%B8%D1%81%D0%BF%D0%B0%D0%BD%D0%B8%D0%B8/,2025-02-27,2026-06-02,2,Наследование в Испании: применимые нормы и международные аспекты
ru,12942,%d0%b8%d0%bd%d0%b2%d0%b5%d1%81%d1%82%d0%b8%d1%86%d0%b8%d0%b8-%d0%b2-%d0%bd%d0%b5%d0%b4%d0%b2%d0%b8%d0%b6%d0%b8%d0%bc%d0%be%d1%81%d1%82%d1%8c-%d0%b8%d1%81%d0%bf%d0%b0%d0%bd%d0%b8%d0%b8,https://delaguialuzon.com/ru/blog/%D0%B8%D0%BD%D0%B2%D0%B5%D1%81%D1%82%D0%B8%D1%86%D0%B8%D0%B8-%D0%B2-%D0%BD%D0%B5%D0%B4%D0%B2%D0%B8%D0%B6%D0%B8%D0%BC%D0%BE%D1%81%D1%82%D1%8C-%D0%B8%D1%81%D0%BF%D0%B0%D0%BD%D0%B8%D0%B8/,2025-01-29,2026-05-13,2,Инвестиции в недвижимость Испании: гид для иностранцев
ru,11993,65-%d0%bb%d0%b5%d1%82%d0%b8%d0%b5-%d0%b4%d0%b5%d0%bb%d0%b0%d0%b3%d0%b8%d0%b0-%d0%bb%d1%83%d1%81%d0%be%d0%bd,https://delaguialuzon.com/ru/blog/65-%D0%BB%D0%B5%D1%82%D0%B8%D0%B5-%D0%B4%D0%B5%D0%BB%D0%B0%D0%B3%D0%B8%D0%B0-%D0%BB%D1%83%D1%81%D0%BE%D0%BD/,2025-01-08,2026-05-13,2,Компания Delaguía y Luzón празднует 65-летие в Валенсии
ru,11848,%d0%ba%d1%80%d0%b8%d0%bf%d1%82%d0%be%d0%b2%d0%b0%d0%bb%d1%8e%d1%82%d1%8b-%d0%b2-%d0%b8%d1%81%d0%bf%d0%b0%d0%bd%d0%b8%d0%b8,https://delaguialuzon.com/ru/blog/%D0%BA%D1%80%D0%B8%D0%BF%D1%82%D0%BE%D0%B2%D0%B0%D0%BB%D1%8E%D1%82%D1%8B-%D0%B2-%D0%B8%D1%81%D0%BF%D0%B0%D0%BD%D0%B8%D0%B8/,2024-12-19,2026-05-13,2,Криптовалюты и бизнес в Испании: новая эпоха возможностей для компаний
ru,10376,%d0%b0%d1%83%d1%82%d0%b5%d0%bd%d1%82%d0%b8%d1%84%d0%b8%d0%ba%d0%b0%d1%86%d0%b8%d1%8f-eidas,https://delaguialuzon.com/ru/blog/%D0%B0%D1%83%D1%82%D0%B5%D0%BD%D1%82%D0%B8%D1%84%D0%B8%D0%BA%D0%B0%D1%86%D0%B8%D1%8F-eidas/,2024-11-06,2026-05-13,2,Аутентификация eIDAS: упрощение налоговых формальностей для граждан ЕС в Испании
ru,9220,%d0%b4%d0%b5%d0%ba%d0%bb%d0%b0%d1%80%d0%b8%d1%80%d0%be%d0%b2%d0%b0%d1%82%d1%8c-%d0%ba%d1%80%d0%b8%d0%bf%d1%82%d0%be%d0%b2%d0%b0%d0%bb%d1%8e%d1%82%d1%83-%d0%b2-%d0%b8%d1%81%d0%bf%d0%b0%d0%bd%d0%b8,https://delaguialuzon.com/ru/blog/%D0%B4%D0%B5%D0%BA%D0%BB%D0%B0%D1%80%D0%B8%D1%80%D0%BE%D0%B2%D0%B0%D1%82%D1%8C-%D0%BA%D1%80%D0%B8%D0%BF%D1%82%D0%BE%D0%B2%D0%B0%D0%BB%D1%8E%D1%82%D1%83-%D0%B2-%D0%B8%D1%81%D0%BF%D0%B0%D0%BD%D0%B8/,2024-09-10,2026-05-13,2,Криптовалюта в Испании: новости рынка и регулирование 2026
ru,8364,%d1%81%d1%82%d1%80%d0%b0%d1%82%d0%b5%d0%b3%d0%b8%d0%b8-%d1%84%d0%b8%d0%bd%d0%b0%d0%bd%d1%81%d0%b8%d1%80%d0%be%d0%b2%d0%b0%d0%bd%d0%b8%d0%b5-%d1%81%d1%82%d0%b0%d1%80%d1%82%d0%b0%d0%bf%d1%8b,https://delaguialuzon.com/ru/blog/%D1%81%D1%82%D1%80%D0%B0%D1%82%D0%B5%D0%B3%D0%B8%D0%B8-%D1%84%D0%B8%D0%BD%D0%B0%D0%BD%D1%81%D0%B8%D1%80%D0%BE%D0%B2%D0%B0%D0%BD%D0%B8%D0%B5-%D1%81%D1%82%D0%B0%D1%80%D1%82%D0%B0%D0%BF%D1%8B/,2024-07-15,2026-05-13,2,Финансирование стартапов: стратегии для получения необходимого капитала
ru,7869,%d0%bf%d1%80%d0%be%d0%b3%d1%80%d0%b0%d0%bc%d0%bc%d0%b0-%d0%bd%d0%b0%d0%b9%d0%bc%d0%b0-%d0%bc%d0%be%d0%bb%d0%be%d0%b4%d1%8b%d1%85-%d1%81%d0%bf%d0%b5%d1%86%d0%b8%d0%b0%d0%bb%d0%b8%d1%81%d1%82%d0%be,https://delaguialuzon.com/ru/blog/%D0%BF%D1%80%D0%BE%D0%B3%D1%80%D0%B0%D0%BC%D0%BC%D0%B0-%D0%BD%D0%B0%D0%B9%D0%BC%D0%B0-%D0%BC%D0%BE%D0%BB%D0%BE%D0%B4%D1%8B%D1%85-%D1%81%D0%BF%D0%B5%D1%86%D0%B8%D0%B0%D0%BB%D0%B8%D1%81%D1%82%D0%BE%D0%B2-%D0%B2%D0%B0%D0%BB%D0%B5%D0%BD%D1%81%D0%B8%D1%8F/,2024-07-02,2026-05-13,2,Программа найма молодых специалистов в Валенсии: бонусы для работодателей
ru,7928,%d1%81%d1%83%d0%b1%d1%81%d0%b8%d0%b4%d0%b8%d0%b8-ecovul-%d0%b1%d0%b5%d1%81%d1%81%d1%80%d0%be%d1%87%d0%bd%d0%be%d0%b5-%d1%82%d1%80%d1%83%d0%b4%d0%be%d1%83%d1%81%d1%82%d1%80%d0%be%d0%b9%d1%81%d1%82,https://delaguialuzon.com/ru/blog/%D1%81%D1%83%D0%B1%D1%81%D0%B8%D0%B4%D0%B8%D0%B8-ecovul-%D0%B1%D0%B5%D1%81%D1%81%D1%80%D0%BE%D1%87%D0%BD%D0%BE%D0%B5-%D1%82%D1%80%D1%83%D0%B4%D0%BE%D1%83%D1%81%D1%82%D1%80%D0%BE%D0%B9%D1%81%D1%82%D0%B2%D0%BE-%D0%B2%D0%B0%D0%BB%D0%B5%D0%BD%D1%81%D0%B8%D1%8F/,2024-07-02,2026-05-13,2,Субсидии ECOVUL 2026 на бессрочное трудоустройство приоритетных групп в Валенсии
ru,8407,%d0%bd%d0%b0%d0%bd%d1%8f%d1%82%d1%8c-%d0%ba%d0%be%d0%bd%d1%81%d1%83%d0%bb%d1%8c%d1%82%d0%b0%d0%bd%d1%82%d0%b0-%d0%b1%d1%83%d1%85%d0%b3%d0%b0%d0%bb%d1%82%d0%b5%d1%80%d0%b0,https://delaguialuzon.com/ru/blog/%D0%BD%D0%B0%D0%BD%D1%8F%D1%82%D1%8C-%D0%BA%D0%BE%D0%BD%D1%81%D1%83%D0%BB%D1%8C%D1%82%D0%B0%D0%BD%D1%82%D0%B0-%D0%B1%D1%83%D1%85%D0%B3%D0%B0%D0%BB%D1%82%D0%B5%D1%80%D0%B0/,2024-06-25,2026-05-13,2,Бухгалтер в Испании: почему так важно обратиться к специалисту?
ru,8175,%d0%be%d0%bd%d0%bb%d0%b0%d0%b9%d0%bd-%d0%b1%d0%b8%d0%b7%d0%bd%d0%b5%d1%81,https://delaguialuzon.com/ru/blog/%D0%BE%D0%BD%D0%BB%D0%B0%D0%B9%D0%BD-%D0%B1%D0%B8%D0%B7%D0%BD%D0%B5%D1%81/,2024-06-11,2026-05-13,2,Онлайн-бизнес в Испании: что нужно знать предпринимателю
ru,3459,%d0%b2%d0%be%d0%b7%d0%bc%d0%be%d0%b6%d0%bd%d0%b0%d1%8f-%d0%be%d1%82%d0%bc%d0%b5%d0%bd%d0%b0-%d0%b7%d0%be%d0%bb%d0%be%d1%82%d1%8b%d1%85-%d0%b2%d0%b8%d0%b7-%d0%b8%d1%81%d0%bf%d0%b0%d0%bd%d0%b8%d0%b8,https://delaguialuzon.com/ru/blog/%D0%B2%D0%BE%D0%B7%D0%BC%D0%BE%D0%B6%D0%BD%D0%B0%D1%8F-%D0%BE%D1%82%D0%BC%D0%B5%D0%BD%D0%B0-%D0%B7%D0%BE%D0%BB%D0%BE%D1%82%D1%8B%D1%85-%D0%B2%D0%B8%D0%B7-%D0%B8%D1%81%D0%BF%D0%B0%D0%BD%D0%B8%D0%B8/,2024-04-15,2026-05-13,2,«Золотые визы» в Испании: отмена в 2025 году и альтернативы для инвесторов
ru,1824,%d0%b0%d1%80%d0%b5%d0%bd%d0%b4%d1%8b-%d0%b2-%d0%b2%d0%b0%d0%bb%d0%b5%d0%bd%d1%81%d0%b8%d0%b8,https://delaguialuzon.com/ru/blog/%D0%B0%D1%80%D0%B5%D0%BD%D0%B4%D1%8B-%D0%B2-%D0%B2%D0%B0%D0%BB%D0%B5%D0%BD%D1%81%D0%B8%D0%B8/,2024-03-21,2026-05-13,2,"Аренда жилья в Валенсии 2026: правовая база, новый Реестр и обязанности сторон"
ru,1135,airbnb-%d0%b2%d0%b0%d0%bb%d0%b5%d0%bd%d1%81%d0%b8%d1%8f,https://delaguialuzon.com/ru/blog/airbnb-%D0%B2%D0%B0%D0%BB%D0%B5%D0%BD%D1%81%D0%B8%D1%8F/,2024-03-12,2026-05-13,2,Сдать недвижимость в аренду через Airbnb в Валенсии: законно ли это? 
ru,1571,%d0%ba%d1%80%d0%b8%d0%b7%d0%b8%d1%81%d0%bd%d1%8b%d0%b5-%d0%ba%d0%be%d0%bc%d0%bf%d0%b0%d0%bd%d0%b8%d0%b8-%d0%b8%d1%81%d0%bf%d0%b0%d0%bd%d0%b8%d0%b8,https://delaguialuzon.com/ru/blog/%D0%BA%D1%80%D0%B8%D0%B7%D0%B8%D1%81%D0%BD%D1%8B%D0%B5-%D0%BA%D0%BE%D0%BC%D0%BF%D0%B0%D0%BD%D0%B8%D0%B8-%D0%B8%D1%81%D0%BF%D0%B0%D0%BD%D0%B8%D0%B8/,2023-09-14,2026-05-13,2,Реструктуризация предприятий в Испании. Часть 1: Успешное управление кризисом
ru,2003,%d0%b7%d0%b5%d0%bb%d0%b5%d0%bd%d0%be%d0%b9-%d0%ba%d0%b0%d1%80%d1%82%d0%be%d0%b9-nie-%d0%b8-tie,https://delaguialuzon.com/ru/blog/%D0%B7%D0%B5%D0%BB%D0%B5%D0%BD%D0%BE%D0%B9-%D0%BA%D0%B0%D1%80%D1%82%D0%BE%D0%B9-nie-%D0%B8-tie/,2021-03-02,2026-05-13,2,"Разница между &#171;зеленой картой&#187;, NIE и TIE в Испании"
