post_id,lang,url,new_related_posts
27316,fr,https://delaguialuzon.com/fr/blog/regroupement-familial-espagne-2/,"27322: Résidence par mariage avec un citoyen espagnol: ce qu’il fau | 27307: Résidence en Espagne : les différentes voies d’accès | 21471: Régularisation exceptionnelle en Espagne : le délai du 30 ju | 2396: Pourquoi et comment obtenir le NIE en Espagne ? | 5190: L’apostille en Espagne : procédure, coûts et délais en 2025 | 27692: S’installer en Espagne depuis l’étranger: les démarches des "
27692,fr,https://delaguialuzon.com/fr/blog/sinstaller-en-espagne-depuis-letranger-les-demarches-des-90-premiers-jours/,"2396: Pourquoi et comment obtenir le NIE en Espagne ? | 27307: Résidence en Espagne : les différentes voies d’accès | 900: Tout savoir sur le padrón municipal espagnol | 20166: Comment ouvrir un compte en banque en Espagne en tant que no | 26678: L’assurance santé privée en Espagne pour expatriés : coûts,  | 8655: Travailler en Espagne en 2026 : guide pour francophones"
27322,fr,https://delaguialuzon.com/fr/blog/residence-mariage-citoyen-espagnol/,"27316: Regroupement familial en Espagne : comment faire venir sa fa | 27307: Résidence en Espagne : les différentes voies d’accès | 2396: Pourquoi et comment obtenir le NIE en Espagne ? | 1207: Différences entre la carte verte, le NIE et la TIE | 27310: Divorce en Espagne pour les expatriés: garde d’enfants et pa | 27692: S’installer en Espagne depuis l’étranger: les démarches des "
27307,fr,https://delaguialuzon.com/fr/blog/residence-en-espagne-voies-acces/,25663: Visa nomade digital espagnol (DNV) 2026 : guide complet pour | 27322: Résidence par mariage avec un citoyen espagnol: ce qu’il fau | 27316: Regroupement familial en Espagne : comment faire venir sa fa | 21471: Régularisation exceptionnelle en Espagne : le délai du 30 ju | 26023: Renouvellement du titre de séjour non lucratif : la nouvelle | 27692: S’installer en Espagne depuis l’étranger: les démarches des 
27310,fr,https://delaguialuzon.com/fr/blog/divorce-espagne-expatries/,"27322: Résidence par mariage avec un citoyen espagnol: ce qu’il fau | 27316: Regroupement familial en Espagne : comment faire venir sa fa | 14405: Héritage en Espagne : guide pour les héritiers francophones | 16140: Succession internationale en Espagne : le cas concret d’une  | 27307: Résidence en Espagne : les différentes voies d’accès | 5190: L’apostille en Espagne : procédure, coûts et délais en 2025"
27325,fr,https://delaguialuzon.com/fr/blog/calendrier-fiscal-espagnol/,"4371: IRPF en Espagne 2026 : barèmes, résidence fiscale et Loi Bec | 2573: Expatriés français : comment bien déclarer les impôts en Esp | 25839: Convention fiscale franco-espagnole 2026 : résidence, double | 4345: Quels sont les différents types d’impôts en Espagne ? | 905: Propriétaires d’un bien immobilier non loué en Espagne, que  | 25840: Cotisations autonomos 2026 en Espagne : 15 tranches RETA, ta"
26760,fr,https://delaguialuzon.com/fr/blog/comment-se-proteger-face-au-fisc-espagnol/,"2505: Lutte contre la fraude des faux non-résidents | 27325: Calendrier fiscal espagnol : toutes les échéances pour résid | 4371: IRPF en Espagne 2026 : barèmes, résidence fiscale et Loi Bec | 2573: Expatriés français : comment bien déclarer les impôts en Esp | 20558: Optimisation fiscale en Espagne 2026 : clés essentielles pou | 25839: Convention fiscale franco-espagnole 2026 : résidence, double"
24989,fr,https://delaguialuzon.com/fr/blog/hebergements-touristiques-valence/,"15720: Location courte durée en Espagne en 2026 : règlement europée | 10629: Logements touristiques Communauté Valencienne 2026 : Décret  | 13762: Décision de la Cour suprême à propos des logements touristiq | 15895: TVA sur les locations touristiques en Espagne, tout ce que v | 1130: La location d’un appartement sur Airbnb à Valence est-elle a | 1819: Les aspects juridiques liés à la location à Valence"
21471,fr,https://delaguialuzon.com/fr/blog/regularisation-exceptionnelle-etrangers-espagne/,27307: Résidence en Espagne : les différentes voies d’accès | 27316: Regroupement familial en Espagne : comment faire venir sa fa | 2396: Pourquoi et comment obtenir le NIE en Espagne ? | 13923: Droits des travailleurs étrangers en Espagne | 25663: Visa nomade digital espagnol (DNV) 2026 : guide complet pour | 27692: S’installer en Espagne depuis l’étranger: les démarches des 
2505,fr,https://delaguialuzon.com/fr/blog/lutte-contre-fraude-faux-non-residents-espagne/,"26760: Le « Syndrome Van Gaal » et la loi Beckham en Espagne : comm | 4371: IRPF en Espagne 2026 : barèmes, résidence fiscale et Loi Bec | 25839: Convention fiscale franco-espagnole 2026 : résidence, double | 905: Propriétaires d’un bien immobilier non loué en Espagne, que  | 2573: Expatriés français : comment bien déclarer les impôts en Esp | 19975: L’impôt sur la fortune en Espagne: stratégies patrimoniales "
25941,es,https://delaguialuzon.com/blog/ley-de-segunda-oportunidad/,25946: Concurso de acreedores para autónomos y pymes: guía 2026 | 22166: Inspección de trabajo en España: cómo preparar su empresa an | 18198: Reestructuración empresarial: estrategias para la superviven | 24609: Cómo mudarse a España desde Latinoamérica: guía jurídica pas | 13730: Sentencia del Tribunal Supremo sobre pisos turísticos: ¿qué  | 21113: Responsabilidad de administradores: concepto y tipos
25946,es,https://delaguialuzon.com/blog/concurso-de-acreedores/,18198: Reestructuración empresarial: estrategias para la superviven | 18685: Protección de datos en empresas: la clave para evitar multas | 21113: Responsabilidad de administradores: concepto y tipos | 18894: Gestión laboral estratégica: optimización de costes y preven | 21398: Regularización extraordinaria en España: el plazo del 30 de  | 25941: Ley de segunda oportunidad: cómo cancelar sus deudas en 2026
25908,es,https://delaguialuzon.com/blog/ley-beckham/,26737: El ‘Síndrome Van Gaal’ y la Ley Beckham: cómo protegerse del | 4663: Declaración de la Renta 2025 en Valencia: campaña cerrada y  | 7717: ¿Por qué es imprescindible contratar un asesor contable? | 18116: Asesoramiento fiscal internacional en España: Claves para in | 17394: Caso de éxito: implantación en España de una multinacional t | 4564: Todo lo que necesitas saber sobre el Modelo 720 en España
20962,es,https://delaguialuzon.com/blog/asesoramiento-legal/,"20829: Estrategia y costes laborables: control, cumplimiento y prev | 20930: Teletrabajo internacional y desplazamientos: cómo evitar la  | 20627: Franquicias en España: asesoramiento legal para una expansió | 20694: Planificación fiscal: control del riesgo y eficiencia fiscal | 21113: Responsabilidad de administradores: concepto y tipos | 14344: Cómo elegir la estructura legal de una startup en España"
21113,es,https://delaguialuzon.com/blog/responsabilidad-de-administradores/,"22820: Responsabilidad de los administradores en insolvencia empres | 20962: Asesoramiento legal en la alta dirección: errores críticos e | 18894: Gestión laboral estratégica: optimización de costes y preven | 18198: Reestructuración empresarial: estrategias para la superviven | 18685: Protección de datos en empresas: la clave para evitar multas | 20829: Estrategia y costes laborables: control, cumplimiento y prev"
11921,es,https://delaguialuzon.com/blog/entrevista-gonzalo-gomez-luzon/,11904: Delaguía y Luzón cumple 65 años | 23448: Entrevista a Gonzalo Gómez Luzón: trayectoria y visión del a | 21113: Responsabilidad de administradores: concepto y tipos | 20962: Asesoramiento legal en la alta dirección: errores críticos e | 20930: Teletrabajo internacional y desplazamientos: cómo evitar la  | 20694: Planificación fiscal: control del riesgo y eficiencia fiscal
26740,en,https://delaguialuzon.com/en/blog/how-to-protect-yourself-against-hacienda/,"14384: How to choose the appropriate legal structure for a startup  | 26524: VAT Registration in Spain for Foreign Businesses | 24772: Grants for self-employed workers in 2026: What’s in force, w | 8633: Digital Nomad Visa in Spain 2026: a UK citizen’s guide | 27449: UK ISAs and Spanish tax residency: 2026 tax treatment | 5083: Everything there is to know about property capital gains tax"
25444,en,https://delaguialuzon.com/en/blog/conveyancing-spain/,"25579: Importing a car to Spain from the UK: The complete post-Brex | 25587: Power of attorney in Spain for non-residents: Uses, process  | 4978: Legal assistance in Spain for international individuals and  | 14384: How to choose the appropriate legal structure for a startup  | 25590: The Spanish school system for expat children: State, concert | 25233: How to write a Spanish will for UK nationals"
25069,en,https://delaguialuzon.com/en/blog/apostille-sworn-translation-spain/,"27337: Moving to Spain with children: 2026 family relocation guide | 25245: What is empadronamiento, why it matters, and how to register | 27046: Arraigo in Spain 2026: social, labour, family and training r | 27047: Bringing elderly parents to Spain: family reunification for  | 15116: Modelo 720: Mandatory informative declaration of foreign ass | 26849: Criminal record certificate Spain: Visa and residency guide"
24445,en,https://delaguialuzon.com/en/blog/buy-house-valencia-non-resident/,"27052: Selling property in Spain as a non-resident: 3% retention, c | 26526: Spain withholding tax on dividends for non-residents 2026 | 3260: What are the different types of taxes in Spain? | 22034: US and Spanish tax implications of using US investment funds | 27053: Cita previa in Spain: how to navigate the appointment system | 25584: How to exchange a UK driving licence in Spain: The DGT proce"
21452,en,https://delaguialuzon.com/en/blog/extraordinary-regularisation-foreigners-spain/,22851: UK pension contributions in Spain in 2026: how Spanish and U | 8633: Digital Nomad Visa in Spain 2026: a UK citizen’s guide | 2263: Right to digital disconnection and holidays: Spanish employm | 13919: Labour rights of foreign workers in Spain | 25269: Dismissal in Spain: A 2026 guide for international employers | 16692: Increase in family leave entitlement
21606,en,https://delaguialuzon.com/en/blog/spanish-tax-for-australians/,"20275: UK Spain double taxation 2026: complete guide for British re | 25592: Moving to Spain from Norway, Sweden, Denmark, or Finland: Ta | 20417: How to declare UK income as a Spanish resident | 22409: Spanish wealth tax and taxes on passive income in Spain | 25591: Moving to Spain from the Netherlands: Taxes, the Beckham Law | 17990: Buying property via a company or as an individual in Spain?"
21544,en,https://delaguialuzon.com/en/blog/spain-digital-nomad-visa-w2/,"8633: Digital Nomad Visa in Spain 2026: a UK citizen’s guide | 2263: Right to digital disconnection and holidays: Spanish employm | 27345: Hiring employees in Spain: 2026 contracts, payroll and costs | 25269: Dismissal in Spain: A 2026 guide for international employers | 13919: Labour rights of foreign workers in Spain | 16692: Increase in family leave entitlement"
11136,en,https://delaguialuzon.com/en/blog/urgent-measures-dana-valencia-2024/,11090: Tax and social support measures for people affected by the D | 1563: Restructuration of companies with difficulties in Spain. Par | 16187: The Supreme Court of Spain rules that compensation for unfai | 26851: Social Security number Spain: How to get your NUSS in 2026 | 5146: Social security developments for cross-border teleworkers in | 20439: Legal support for UK business owners
4734,en,https://delaguialuzon.com/en/blog/housing-rights-spain/,"3452: Golden Visa in Spain is no longer available: Alternatives fo | 19699: Legalising unregistered properties in Spain for foreign inve | 27050: Best neighbourhoods in Valencia city: Ruzafa, El Carmen, Cab | 26848: Community of owners in Spain: What foreign buyers must know | 25415: Best Valencia suburbs to move to in 2026: L’Eliana, Rocafort | 12852: Property investing in Spain"
1664,en,https://delaguialuzon.com/en/blog/create-limited-company-in-spain/,26127: Setting up a company in Spain as a foreigner: SL versus self | 26527: Setting up a branch office in Spain as a UK company in 2026 | 2376: Thinking of starting a business in Spain? Here’s what you ne | 18710: International contracts under Spanish law: a 2026 guide for  | 17624: Success story: global tech giant establishes operations in S | 18119: Spain’s startups and entrepreneur visa law
4854,en,https://delaguialuzon.com/en/blog/find-good-accountant-spain/,4978: Legal assistance in Spain for international individuals and  | 25582: Cultural differences living in Spain: An honest guide for Br | 25579: Importing a car to Spain from the UK: The complete post-Brex | 26131: Registering the birth of a child in Spain as a foreigner | 26132: Recognising a foreign divorce or marriage in Spain: The exeq | 26130: Bringing your family to Spain: Family reunification (Reagrup
13927,ru,https://delaguialuzon.com/ru/blog/%D0%B8%D0%BD%D0%BE%D1%81%D1%82%D1%80%D0%B0%D0%BD%D0%BD%D1%8B%D0%B5-%D1%80%D0%B0%D0%B1%D0%BE%D1%82%D0%BD%D0%B8%D0%BA%D0%B8-%D0%B2-%D0%B8%D1%81%D0%BF%D0%B0%D0%BD%D0%B8%D0%B8-%D0%BF%D1%80%D0%B0%D0%B2/,"1571: Реструктуризация предприятий в Испании. Часть 1: Успешное уп | 24774: Субсидии для самозанятых в 2026 году: что уже действует, что | 7869: Программа найма молодых специалистов в Валенсии: бонусы для  | 12942: Инвестиции в недвижимость Испании: гид для иностранцев | 1772: Закон Бекхэма в Испании: налоговый режим для импатриатов | 26030: Продление ВНЖ без права на работу: новое требование 183 дней"
11993,ru,https://delaguialuzon.com/ru/blog/65-%D0%BB%D0%B5%D1%82%D0%B8%D0%B5-%D0%B4%D0%B5%D0%BB%D0%B0%D0%B3%D0%B8%D0%B0-%D0%BB%D1%83%D1%81%D0%BE%D0%BD/,"14634: Интервью с Гонсало Гомесом Лусоном — 65 лет Delaguía y Luzón | 8364: Финансирование стартапов: стратегии для получения необходимо | 24366: Налог на богатство в Испании 2026: миллион евро освобождён в | 1824: Аренда жилья в Валенсии 2026: правовая база, новый Реестр и  | 1135: Сдать недвижимость в аренду через Airbnb в Валенсии: законно | 7928: Субсидии ECOVUL 2026 на бессрочное трудоустройство приоритет"
11848,ru,https://delaguialuzon.com/ru/blog/%D0%BA%D1%80%D0%B8%D0%BF%D1%82%D0%BE%D0%B2%D0%B0%D0%BB%D1%8E%D1%82%D1%8B-%D0%B2-%D0%B8%D1%81%D0%BF%D0%B0%D0%BD%D0%B8%D0%B8/,"9220: Криптовалюта в Испании: новости рынка и регулирование 2026 | 8175: Онлайн-бизнес в Испании: что нужно знать предпринимателю | 10376: Аутентификация eIDAS: упрощение налоговых формальностей для  | 13540: Наследование в Испании: применимые нормы и международные асп | 15904: НДС для квартир, сдаваемых туристам: все, что необходимо зна | 1571: Реструктуризация предприятий в Испании. Часть 1: Успешное уп"
10376,ru,https://delaguialuzon.com/ru/blog/%D0%B0%D1%83%D1%82%D0%B5%D0%BD%D1%82%D0%B8%D1%84%D0%B8%D0%BA%D0%B0%D1%86%D0%B8%D1%8F-eidas/,1772: Закон Бекхэма в Испании: налоговый режим для импатриатов | 11848: Криптовалюты и бизнес в Испании: новая эпоха возможностей дл | 12942: Инвестиции в недвижимость Испании: гид для иностранцев | 8175: Онлайн-бизнес в Испании: что нужно знать предпринимателю | 3459: «Золотые визы» в Испании: отмена в 2025 году и альтернативы  | 26964: Синдром Ван Гала» и закон Бекхэма в Испании: как защитить се
9220,ru,https://delaguialuzon.com/ru/blog/%D0%B4%D0%B5%D0%BA%D0%BB%D0%B0%D1%80%D0%B8%D1%80%D0%BE%D0%B2%D0%B0%D1%82%D1%8C-%D0%BA%D1%80%D0%B8%D0%BF%D1%82%D0%BE%D0%B2%D0%B0%D0%BB%D1%8E%D1%82%D1%83-%D0%B2-%D0%B8%D1%81%D0%BF%D0%B0%D0%BD%D0%B8/,"11848: Криптовалюты и бизнес в Испании: новая эпоха возможностей дл | 8175: Онлайн-бизнес в Испании: что нужно знать предпринимателю | 26964: Синдром Ван Гала» и закон Бекхэма в Испании: как защитить се | 24774: Субсидии для самозанятых в 2026 году: что уже действует, что | 3459: «Золотые визы» в Испании: отмена в 2025 году и альтернативы  | 14460: Как учредить стартап в Испании: пошаговое руководство 2026"
8407,ru,https://delaguialuzon.com/ru/blog/%D0%BD%D0%B0%D0%BD%D1%8F%D1%82%D1%8C-%D0%BA%D0%BE%D0%BD%D1%81%D1%83%D0%BB%D1%8C%D1%82%D0%B0%D0%BD%D1%82%D0%B0-%D0%B1%D1%83%D1%85%D0%B3%D0%B0%D0%BB%D1%82%D0%B5%D1%80%D0%B0/,"13540: Наследование в Испании: применимые нормы и международные асп | 24774: Субсидии для самозанятых в 2026 году: что уже действует, что | 1772: Закон Бекхэма в Испании: налоговый режим для импатриатов | 24295: Виза цифрового кочевника в Испанию: требования и доход | 14460: Как учредить стартап в Испании: пошаговое руководство 2026 | 8175: Онлайн-бизнес в Испании: что нужно знать предпринимателю"
3459,ru,https://delaguialuzon.com/ru/blog/%D0%B2%D0%BE%D0%B7%D0%BC%D0%BE%D0%B6%D0%BD%D0%B0%D1%8F-%D0%BE%D1%82%D0%BC%D0%B5%D0%BD%D0%B0-%D0%B7%D0%BE%D0%BB%D0%BE%D1%82%D1%8B%D1%85-%D0%B2%D0%B8%D0%B7-%D0%B8%D1%81%D0%BF%D0%B0%D0%BD%D0%B8%D0%B8/,"1824: Аренда жилья в Валенсии 2026: правовая база, новый Реестр и  | 1135: Сдать недвижимость в аренду через Airbnb в Валенсии: законно | 12942: Инвестиции в недвижимость Испании: гид для иностранцев | 15904: НДС для квартир, сдаваемых туристам: все, что необходимо зна | 8175: Онлайн-бизнес в Испании: что нужно знать предпринимателю | 26964: Синдром Ван Гала» и закон Бекхэма в Испании: как защитить се"
1135,ru,https://delaguialuzon.com/ru/blog/airbnb-%D0%B2%D0%B0%D0%BB%D0%B5%D0%BD%D1%81%D0%B8%D1%8F/,"1824: Аренда жилья в Валенсии 2026: правовая база, новый Реестр и  | 12942: Инвестиции в недвижимость Испании: гид для иностранцев | 3459: «Золотые визы» в Испании: отмена в 2025 году и альтернативы  | 15904: НДС для квартир, сдаваемых туристам: все, что необходимо зна | 24366: Налог на богатство в Испании 2026: миллион евро освобождён в | 11993: Компания Delaguía y Luzón празднует 65-летие в Валенсии"
