id,url,status,langs,wrong_lang_links
27316,https://delaguialuzon.com/fr/blog/regroupement-familial-espagne/?rp=1,ALL WRONG,{'es': 6},/blog/alquileres-corta-duracion/ /blog/como-obtener-el-numero-de-la-seguridad-social/ /blog/franquicias-en-espana/ /blog/pisos-turisticos-en-valencia/ /blog/salario-minimo-interprofesional/ /blog/asesoramiento-empresa-familiar/
27692,https://delaguialuzon.com/fr/blog/s-installer-en-espagne/?rp=1,ALL WRONG,{'es': 6},/blog/visa-nomada-digital-en-espana-requisitos/ /blog/impatriados-en-espana/ /blog/exencion-iva-autonomos/ /blog/alquilar-tu-piso-airbnb-en-valencia/ /blog/autenticacion-eidas/ /blog/gestion-laboral-estrategica/
27322,https://delaguialuzon.com/fr/blog/residence-mariage-citoyen-espagnol/?rp=1,ALL WRONG,{'es': 6},/blog/recordatorio-modelo-720/ /blog/asesoramiento-empresa-familiar/ /blog/visa-nomada-digital-en-espana-requisitos/ /blog/medidas-urgentes-dana-valencia-2024/ /blog/licencia-turistica/ /blog/negocio-online/
27307,https://delaguialuzon.com/fr/blog/residence-en-espagne-voies-acces/?rp=1,ALL WRONG,{'es': 6},/blog/subvenciones-contratacion-desempleados/ /blog/sentencia-tribunal-supremo-pisos-turisticos/ /blog/gestion-laboral-estrategica/ /blog/derechos-laborales-extranjeros-en-espana/ /blog/calendario-laboral-2026/ /blog/asesoramiento-empresa-familiar/
27310,https://delaguialuzon.com/fr/blog/divorce-espagne-expatries/?rp=1,ALL WRONG,{'es': 6},/blog/65-aniversario-delaguia-luzon/ /blog/aumento-permiso-conciliacion-familiar/ /blog/como-mudarse-a-espana-desde-latinoamerica/ /blog/alquileres-corta-duracion/ /blog/implantacion-espana/ /blog/asesoramiento-legal/
27325,https://delaguialuzon.com/fr/blog/calendrier-fiscal-espagnol/?rp=1,ALL WRONG,{'es': 6},/blog/eliminacion-golden-visas-en-espana/ /blog/certificado-digital-en-espana-guia-fnmt-y-clave/ /blog/contratar-asesor-contable/ /blog/ley-12-2023-de-24-de-mayo-por-el-derecho-a-la-vivienda/ /blog/ayudas-autonomos/ /blog/reestructuracion-empresarial/
26760,https://delaguialuzon.com/fr/blog/comment-se-proteger-face-au-fisc-espagnol/?rp=1,ALL WRONG,{'es': 6},/blog/franquicias-en-espana/ /blog/desconexion-digital/ /blog/responsabilidad-administradores-insolvencia/ /blog/ley-12-2023-de-24-de-mayo-por-el-derecho-a-la-vivienda/ /blog/cumplimiento-normativo/ /blog/optimizacion-fiscal-en-espana/
26678,https://delaguialuzon.com/fr/blog/assurance-sante-privee-espagne-expatries/?rp=1,OK,{'fr': 6},
25840,https://delaguialuzon.com/fr/blog/cotisations-autonomos-2026-baremes-reta/?rp=1,OK,{'fr': 6},
26023,https://delaguialuzon.com/fr/blog/renouvellement-titre-sejour-non-lucratif/?rp=1,OK,{'fr': 6},
25839,https://delaguialuzon.com/fr/blog/convention-fiscale-franco-espagnole/?rp=1,OK,{'fr': 6},
16694,https://delaguialuzon.com/fr/blog/conge-parental-en-espagne/?rp=1,OK,{'fr': 6},
25663,https://delaguialuzon.com/fr/blog/visa-nomade-digital-espagne/?rp=1,OK,{'fr': 6},
25653,https://delaguialuzon.com/fr/blog/reforme-itp-communaute-valencienne/?rp=1,OK,{'fr': 6},
24989,https://delaguialuzon.com/fr/blog/hebergements-touristiques-valence/?rp=1,MIXED,"{'fr': 2, 'es': 4}",/blog/sentencia-tribunal-supremo-pisos-turisticos/ /blog/iva-apartamentos-turisticos/ /blog/alquileres-corta-duracion/ /blog/regularizacion-extraordinaria/
16140,https://delaguialuzon.com/fr/blog/succession-internationale-espagne/?rp=1,OK,{'fr': 6},
24773,https://delaguialuzon.com/fr/blog/aides-aux-travailleurs-independants/?rp=1,OK,{'fr': 6},
888,https://delaguialuzon.com/fr/blog/loi-beckham-regime-fiscal/?rp=1,OK,{'fr': 6},
2678,https://delaguialuzon.com/fr/blog/tout-savoir-sur-le-modelo-720/?rp=1,OK,{'fr': 6},
2186,https://delaguialuzon.com/fr/blog/reduction-dimpots-autonomos/?rp=1,OK,{'fr': 6},
4580,https://delaguialuzon.com/fr/blog/impots-sur-le-revenu-en-espagne/?rp=1,OK,{'fr': 6},
21471,https://delaguialuzon.com/fr/blog/regularisation-exceptionnelle-etrangers-espagne/?rp=1,MIXED,"{'fr': 5, 'en': 1}",/en/blog/types-taxes-spain/
3247,https://delaguialuzon.com/fr/blog/acheter-maison-communaute-valencienne/?rp=1,OK,{'fr': 6},
897,https://delaguialuzon.com/fr/blog/frais-donation-immobilier-espagne/?rp=1,OK,{'fr': 6},
2573,https://delaguialuzon.com/fr/blog/declarer-impots-espagne/?rp=1,OK,{'fr': 6},
20558,https://delaguialuzon.com/fr/blog/optimisation-fiscale-en-espagne/?rp=1,OK,{'fr': 6},
20166,https://delaguialuzon.com/fr/blog/ouvrir-un-compte-en-banque-en-espagne/?rp=1,OK,{'fr': 6},
19975,https://delaguialuzon.com/fr/blog/impot-sur-la-fortune-en-espagne/?rp=1,OK,{'fr': 6},
18814,https://delaguialuzon.com/fr/blog/restructuration-entreprise-espagne/?rp=1,OK,{'fr': 6},
2297,https://delaguialuzon.com/fr/blog/controle-fiscal-en-espagne/?rp=1,OK,{'fr': 6},
18283,https://delaguialuzon.com/fr/blog/audit-immobilier-en-espagne/?rp=1,OK,{'fr': 6},
2286,https://delaguialuzon.com/fr/blog/tout-savoir-de-limpot-sur-la-plus-value-immobiliere-en-espagne/?rp=1,OK,{'fr': 6},
4555,https://delaguialuzon.com/fr/blog/sci-en-espagne/?rp=1,OK,{'fr': 6},
2030,https://delaguialuzon.com/fr/blog/trouver-un-avocat-parlant-francais-a-valencia/?rp=1,OK,{'fr': 6},
17410,https://delaguialuzon.com/fr/blog/audit-de-contrats-commerciaux/?rp=1,OK,{'fr': 6},
16177,https://delaguialuzon.com/fr/blog/indemnite-licenciement-injustifie/?rp=1,OK,{'fr': 6},
15895,https://delaguialuzon.com/fr/blog/tva-sur-les-locations-touristiques-en-espagne/?rp=1,OK,{'fr': 6},
15720,https://delaguialuzon.com/fr/blog/locations-courte-duree-espagne/?rp=1,OK,{'fr': 6},
15202,https://delaguialuzon.com/fr/blog/creation-franchise-espagne/?rp=1,OK,{'fr': 6},
13644,https://delaguialuzon.com/fr/blog/entretien-gonzalo-gomez-luzon/?rp=1,OK,{'fr': 6},
14416,https://delaguialuzon.com/fr/blog/creer-une-startup-en-espagne/?rp=1,OK,{'fr': 6},
14405,https://delaguialuzon.com/fr/blog/heritage-en-espagne/?rp=1,OK,{'fr': 6},
13923,https://delaguialuzon.com/fr/blog/droits-du-travail-des-etrangers-en-espagne/?rp=1,OK,{'fr': 6},
13762,https://delaguialuzon.com/fr/blog/logements-touristiques-en-espagne/?rp=1,OK,{'fr': 6},
13539,https://delaguialuzon.com/fr/blog/heritages-internationaux-en-espagne/?rp=1,OK,{'fr': 6},
13243,https://delaguialuzon.com/fr/blog/salaire-minimum-interprofessionnel-2025/?rp=1,OK,{'fr': 6},
12930,https://delaguialuzon.com/fr/blog/investir-en-espagne/?rp=1,OK,{'fr': 6},
11969,https://delaguialuzon.com/fr/blog/65e-anniversaire-delaguia-luzon/?rp=1,OK,{'fr': 6},
11817,https://delaguialuzon.com/fr/blog/cryptomonnaies-et-entreprises-en-espagne/?rp=1,OK,{'fr': 6},
11051,https://delaguialuzon.com/fr/blog/mesures-soutien-dana-2024-valence/?rp=1,OK,{'fr': 6},
10629,https://delaguialuzon.com/fr/blog/decret-logements-touristiques-communaute-valencienne/?rp=1,OK,{'fr': 6},
11137,https://delaguialuzon.com/fr/blog/mesures-urgentes-dana-valencia-2024/?rp=1,OK,{'fr': 6},
10335,https://delaguialuzon.com/fr/blog/reglement-eidas/?rp=1,OK,{'fr': 6},
10023,https://delaguialuzon.com/fr/blog/constituer-societe-holding-en-espagne/?rp=1,OK,{'fr': 6},
8655,https://delaguialuzon.com/fr/blog/travailler-en-espagne-en-tant-que-francais/?rp=1,OK,{'fr': 6},
8615,https://delaguialuzon.com/fr/blog/declarer-crypto-en-espagne/?rp=1,OK,{'fr': 6},
7650,https://delaguialuzon.com/fr/blog/couts-securite-sociale/?rp=1,OK,{'fr': 6},
8361,https://delaguialuzon.com/fr/blog/strategies-financement-startups/?rp=1,OK,{'fr': 6},
7837,https://delaguialuzon.com/fr/blog/aide-embauche-jeunes/?rp=1,OK,{'fr': 6},
7911,https://delaguialuzon.com/fr/blog/subventions-embauche-personnes-chomage/?rp=1,OK,{'fr': 6},
8402,https://delaguialuzon.com/fr/blog/engager-comptable-valencia/?rp=1,OK,{'fr': 6},
7335,https://delaguialuzon.com/fr/blog/crowdfunding-immobilier-espagne/?rp=1,OK,{'fr': 6},
6658,https://delaguialuzon.com/fr/blog/business-en-ligne/?rp=1,OK,{'fr': 6},
4796,https://delaguialuzon.com/fr/blog/fiscalite-retraite-espagne/?rp=1,OK,{'fr': 6},
4343,https://delaguialuzon.com/fr/blog/successions-donations-changements-valencia/?rp=1,OK,{'fr': 6},
2823,https://delaguialuzon.com/fr/blog/location-bien-immobilier-espagne/?rp=1,OK,{'fr': 6},
3455,https://delaguialuzon.com/fr/blog/suppression-golden-visas-espagne/?rp=1,OK,{'fr': 6},
1819,https://delaguialuzon.com/fr/blog/louer-a-valence/?rp=1,OK,{'fr': 6},
1130,https://delaguialuzon.com/fr/blog/location-airbnb-a-valence/?rp=1,OK,{'fr': 6},
2781,https://delaguialuzon.com/fr/blog/tout-savoir-sur-le-teletravail-en-espagne/?rp=1,OK,{'fr': 6},
2645,https://delaguialuzon.com/fr/blog/la-fiscalite-espagnole-tout-savoir-avant-de-s-expatrier/?rp=1,OK,{'fr': 6},
1557,https://delaguialuzon.com/fr/blog/restructuration-entreprises-espagne/?rp=1,OK,{'fr': 6},
2337,https://delaguialuzon.com/fr/blog/deconnexion-numerique-vacances/?rp=1,OK,{'fr': 6},
4768,https://delaguialuzon.com/fr/blog/loi-12-2023-du-24-mai-pour-le-droit-au-logement/?rp=1,OK,{'fr': 6},
2505,https://delaguialuzon.com/fr/blog/lutte-contre-fraude-faux-non-residents-espagne/?rp=1,MIXED,"{'fr': 5, 'en': 1}",/en/labour-solicitor-valencia-spain/
5798,https://delaguialuzon.com/fr/blog/plafond-paiements-espece-espagne/?rp=1,OK,{'fr': 6},
4371,https://delaguialuzon.com/fr/blog/assujetti-irpf-espagne/?rp=1,OK,{'fr': 6},
3213,https://delaguialuzon.com/fr/blog/conge-parental-autonomos/?rp=1,OK,{'fr': 6},
3274,https://delaguialuzon.com/fr/blog/louer-appartement-etudiant-valencia/?rp=1,OK,{'fr': 6},
4687,https://delaguialuzon.com/fr/blog/impots-achat-vente-immobiliere-en-espagne/?rp=1,OK,{'fr': 6},
5115,https://delaguialuzon.com/fr/blog/valencia-beaux-sites-visiter/?rp=1,OK,{'fr': 6},
3243,https://delaguialuzon.com/fr/blog/investir-immobilier-communaute-valencienne/?rp=1,OK,{'fr': 6},
900,https://delaguialuzon.com/fr/blog/tout-savoir-sur-le-padron-municipal-espagnol/?rp=1,OK,{'fr': 6},
3594,https://delaguialuzon.com/fr/blog/monter-entreprise-espagne/?rp=1,OK,{'fr': 6},
1691,https://delaguialuzon.com/fr/blog/creer-une-entreprise-en-espagne/?rp=1,OK,{'fr': 6},
2362,https://delaguialuzon.com/fr/blog/differences-entre-une-sarl-francaise-et-une-sl-espagnole/?rp=1,OK,{'fr': 6},
5190,https://delaguialuzon.com/fr/blog/apostille-en-espagne/?rp=1,OK,{'fr': 6},
2667,https://delaguialuzon.com/fr/blog/importer-voiture-france-espagne/?rp=1,OK,{'fr': 6},
4812,https://delaguialuzon.com/fr/blog/arret-de-la-cour-de-justice/?rp=1,OK,{'fr': 6},
3254,https://delaguialuzon.com/fr/blog/etudier-en-espagne-demarches/?rp=1,OK,{'fr': 6},
4844,https://delaguialuzon.com/fr/blog/comment-trouver-un-bon-gestor-en-espagne/?rp=1,OK,{'fr': 6},
3496,https://delaguialuzon.com/fr/blog/impot-societes-espagne/?rp=1,OK,{'fr': 6},
2687,https://delaguialuzon.com/fr/blog/statut-juridique-entreprise/?rp=1,OK,{'fr': 6},
4345,https://delaguialuzon.com/fr/blog/differents-types-impots-espagne/?rp=1,OK,{'fr': 6},
2519,https://delaguialuzon.com/fr/blog/rentabilite-locative-espagne/?rp=1,OK,{'fr': 6},
2396,https://delaguialuzon.com/fr/blog/pourquoi-comment-obtenir-nie-espagne/?rp=1,OK,{'fr': 6},
3013,https://delaguialuzon.com/fr/blog/investir-immobilier-espagne/?rp=1,OK,{'fr': 6},
3100,https://delaguialuzon.com/fr/blog/devenir-auto-entrepreneur-en-espagne/?rp=1,OK,{'fr': 6},
2146,https://delaguialuzon.com/fr/blog/bien-immobilier-en-espagne/?rp=1,OK,{'fr': 6},
2224,https://delaguialuzon.com/fr/blog/contrat-darrhes/?rp=1,OK,{'fr': 6},
4413,https://delaguialuzon.com/fr/blog/acquerir-un-bien-immobilier-en-espagne/?rp=1,OK,{'fr': 6},
4935,https://delaguialuzon.com/fr/blog/conseiller-juridique-franco-espagnol-valencia/?rp=1,OK,{'fr': 6},
1207,https://delaguialuzon.com/fr/blog/differences-carte-verte-nie-et-tie/?rp=1,OK,{'fr': 6},
905,https://delaguialuzon.com/fr/blog/bien-immobilier-non-loue-en-espagne/?rp=1,OK,{'fr': 6},
