post_id,lang,url,dropped_items,kept_slugs,added_posts
25839,fr,https://delaguialuzon.com/fr/blog/convention-fiscale-franco-espagnole/,/fr/blog/convention-fiscale-franco-espagnole/,declarer-les-impots-en-espagne | quels-sont-les-differents-types-dimpots-en-espagne | impots-sur-le-revenu-en-espagne | impots-immobiliers-espagne | impot-sur-la-fortune-en-espagne,2645: La fiscalité espagnole : tout savoir avant de s’expatri
11051,fr,https://delaguialuzon.com/fr/blog/mesures-soutien-dana-2024-valence/,/fr/droit-fiscal-et-comptabilite/ | /fr/,fiscalite-retraite-espagne | trouver-un-avocat-parlant-francais-a-valencia | creer-entreprise-en-espagne | la-fiscalite-espagnole-tout-savoir-avant-de-sexpatrier,"11137: Mesures urgentes pour la protection de l’emploi et de l | 15202: Comment créer une franchise en Espagne : étapes, statut"
7650,fr,https://delaguialuzon.com/fr/blog/couts-securite-sociale/,/fr/blog/impot-successions-espagne/,plafond-paiements-especes-espagne | etudier-en-espagne-demarches | strategies-financement-startups | quels-sont-les-differents-types-dimpots-en-espagne | devenir-auto-entrepreneur-en-espagne,11137: Mesures urgentes pour la protection de l’emploi et de l
7335,fr,https://delaguialuzon.com/fr/blog/crowdfunding-immobilier-espagne/,/fr/politique-de-confidentialite/,loi-12-2023-24-mai-droit-au-logement | locations-courte-duree-espagne | ouvrir-une-entreprise-en-espagne | rentabilite-locative-espagne | investir-immobilier-communaute-valencienne,4413: Acquérir un bien immobilier en Espagne : un investissem
4796,fr,https://delaguialuzon.com/fr/blog/fiscalite-retraite-espagne/,/fr/gestion-sociale-des-entreprises/ | /fr/blog/impot-successions-espagne/ | /fr/services-conseils-fiscaux/,deconnexion-numerique-vacances | creer-une-startup-en-espagne | declarer-crypto-en-espagne,"2645: La fiscalité espagnole : tout savoir avant de s’expatri | 25839: Convention fiscale franco-espagnole 2026 : résidence, d | 14405: Héritage en Espagne : guide pour les héritiers francoph"
2337,fr,https://delaguialuzon.com/fr/blog/deconnexion-numerique-vacances/,/fr/droit-du-travail/ | /fr/mentions-legales/,padron-municipal-espagnol | reglement-eidas | loi-beckham-regime-fiscal | logements-touristiques-en-espagne,3213: Tout savoir sur le congé parental pour les autonomos | 3100: Devenir auto-entrepreneur en Espagne en 2026: tout savo
5798,fr,https://delaguialuzon.com/fr/blog/plafond-paiements-espece-espagne/,/fr/blog/droits-de-succession-en-espagne/ | /fr/ | /fr/blog/impot-successions-espagne/,importer-voiture-france-espagne | tva-sur-les-locations-touristiques-en-espagne | lapostille-en-espagne,4844: Gestor francophone à Valencia : trouver le bon professi | 4687: Les impôts à payer lors d’un achat et d’une vente immob | 13923: Droits des travailleurs étrangers en Espagne
3213,fr,https://delaguialuzon.com/fr/blog/conge-parental-autonomos/,/fr/domaines-expertise/ | /fr/blog/impot-successions-espagne/,investir-immobilier-communaute-valencienne | droits-du-travail-des-etrangers-en-espagne | etudier-en-espagne-demarches | comment-trouver-un-bon-gestor-en-espagne,16694: Congé parental en Espagne : ce qui change vraiment en 2 | 3100: Devenir auto-entrepreneur en Espagne en 2026: tout savo
2362,fr,https://delaguialuzon.com/fr/blog/differences-entre-une-sarl-francaise-et-une-sl-espagnole/,/fr/blog/nouvelles-revisions-aux-indemnites-kilometriques/,controle-fiscal-en-espagne | investir-immobilier-espagne | location-valence | entretien-gonzalo-gomez-luzon | suppression-golden-visas-espagne,"1691: Créer une entreprise en Espagne : démarches, fiscalité "
2687,fr,https://delaguialuzon.com/fr/blog/statut-juridique-entreprise/,/fr/blog/impot-successions-espagne/,trouver-un-avocat-parlant-francais-a-valencia | couts-securite-sociale | comment-trouver-un-bon-gestor-en-espagne | decret-logements-touristiques-communaute-valencienne | tout-savoir-sur-limpot-des-societes-en-espagne,8361: Stratégies de financement pour les start-ups : les clés
4413,fr,https://delaguialuzon.com/fr/blog/acquerir-un-bien-immobilier-en-espagne/,/fr/blog/ | /fr/blog/nouvelles-revisions-aux-indemnites-kilometriques/,lapostille-en-espagne | importer-voiture-france-espagne | tva-sur-les-locations-touristiques-en-espagne | controle-fiscal-en-espagne,"905: Propriétaires d’un bien immobilier non loué en Espagne, | 18283: Audit immobilier en Espagne : sécuriser vos investissem"
1207,fr,https://delaguialuzon.com/fr/blog/differences-carte-verte-nie-et-tie/,/fr/blog/droits-de-succession-en-espagne/,investir-immobilier-espagne | engager-comptable-valencia | restructuration-entreprises-espagne | espagne-quel-statut-juridique-choisir-pour-votre-entreprise | heritages-internationaux-en-espagne,2396: Pourquoi et comment obtenir le NIE en Espagne ?
905,fr,https://delaguialuzon.com/fr/blog/bien-immobilier-non-loue-en-espagne/,/fr/mentions-legales/ | /fr/contact/,mesures-soutien-dana-2024-valence | lutte-contre-fraude-faux-non-residents-espagne | aide-embauche-jeunes | audit-de-contrats-commerciaux,4413: Acquérir un bien immobilier en Espagne : un investissem | 2823: Mettre en location un bien en Espagne 2026 : 10 conseil
13755,en,https://delaguialuzon.com/en/blog/supreme-court-ruling-tourist-apartments/,/en/law-firm-alcoy/ | /en/law-firm-gandia/ | /en/thanks/,interview-gonzalo-gomez-luzon | possible-elimination-golden-visa-spain | apply-digital-nomad-visa-spain,"15707: New rules for short-term rentals in Spain: What has cha | 991: Is it legal to rent your flat through Airbnb in Valenci | 27446: Squatters in Spain 2026: rights, eviction and preventio"
27733,es,https://delaguialuzon.com/blog/contratar-trabajadores-en-espana/,/blog/establishing-a-holding-company-in-spain-tax-optimization-or-risk-of-scrutiny-what-international-investors-need-to-know/,novedades-en-materia-de-seguridad-social-de-los-teletrabajadores-transfronterizos | ley-beckham | licencia-turistica | propiedad-horizontal-conflictos-comunidades | entrevista-gonzalo-gomez-luzon,"16608: Calendario laboral 2026 Valencia: festivos, puentes y g"
27020,es,https://delaguialuzon.com/blog/como-obtener-el-numero-de-la-seguridad-social/,/blog/establishing-a-holding-company-in-spain-tax-optimization-or-risk-of-scrutiny-what-international-investors-need-to-know/,iva-apartamentos-turisticos | renovacion-residencia-no-lucrativa-requisito | eliminacion-golden-visas-en-espana | registro-jornada-obligatorio | pisos-turisticos-en-valencia,4781: Novedades en materia de seguridad social de los teletra
26737,es,https://delaguialuzon.com/blog/como-protegerse-del-control-de-hacienda/,/blog/establishing-a-holding-company-in-spain-tax-optimization-or-risk-of-scrutiny-what-international-investors-need-to-know/,desconexion-digital | decreto-viviendas-turisticas-cv | ayudas-autonomos | sucesion-internacional-espana | asesoramiento-fiscal,22670: Exención de IVA para autónomos en España: por qué no se
16402,es,https://delaguialuzon.com/blog/sucesion-internacional-espana/,/blog/calendario-laboral-2025/ | /despacho-abogados-benidorm/ | /derecho-de-sucesiones/,reestructuracion-empresarial | novedades-en-materia-de-seguridad-social-de-los-teletrabajadores-transfronterizos | herencias-en-espana,18116: Asesoramiento fiscal internacional en España: Claves pa | 17394: Caso de éxito: implantación en España de una multinacio | 20930: Teletrabajo internacional y desplazamientos: cómo evita
22509,es,https://delaguialuzon.com/blog/licencia-turistica/,/blog/indemnizacion-despido-improcedente/,medidas-urgentes-dana-valencia-2024 | declarar-criptomonedas | regularizacion-extraordinaria | autenticacion-eidas | estrategias-financiacion-startups,26290: Pisos turísticos en Valencia: nueva normativa 2026 (Dec
2314,es,https://delaguialuzon.com/blog/inspeccion-fiscal-en-espana/,/despacho-abogados-sagunto/ | /despacho-abogados-villajoyosa/ | /blog/reestructuracion-de-empresas-en-crisis/ | /auditoria/ | /asesoramiento-laboral-empresas/ | /auditoria-laboral-para-empresas/,,4564: Todo lo que necesitas saber sobre el Modelo 720 en Espa | 18116: Asesoramiento fiscal internacional en España: Claves pa | 22166: Inspección de trabajo en España: cómo preparar su empre | 20694: Planificación fiscal: control del riesgo y eficiencia f | 20515: Optimización fiscal en España en 2026: claves esenciale | 20610: Inversión inmobiliaria en España: control legal y fisca
18116,es,https://delaguialuzon.com/blog/asesoramiento-fiscal/,/blog/reestructuracion-de-empresas-en-crisis/ | /auditoria/ | /asesoramiento-laboral-empresas/,reestructuracion-empresarial | herencias-internacionales | optimizacion-fiscal-en-espana,17394: Caso de éxito: implantación en España de una multinacio | 20694: Planificación fiscal: control del riesgo y eficiencia f | 4663: Declaración de la Renta 2025 en Valencia: campaña cerra
17394,es,https://delaguialuzon.com/blog/implantacion-espana/,/blog/reestructuracion-de-empresas-en-crisis/ | /auditoria/ | /asesoramiento-laboral-empresas/ | /auditoria-laboral-para-empresas/ | /compliance-laboral-para-empresas/,reestructuracion-empresarial,"18116: Asesoramiento fiscal internacional en España: Claves pa | 7717: ¿Por qué es imprescindible contratar un asesor contable | 4663: Declaración de la Renta 2025 en Valencia: campaña cerra | 20603: Inversión extranjera en España: estructuras legales y f | 20829: Estrategia y costes laborables: control, cumplimiento y"
16665,es,https://delaguialuzon.com/blog/aumento-permiso-conciliacion-familiar/,/despacho-abogados-benidorm/ | / | / | /asesoramiento-laboral-empresas/ | /auditoria-laboral-para-empresas/,sucesion-internacional-espana,"4781: Novedades en materia de seguridad social de los teletra | 10893: Medidas de apoyo fiscal y social para las personas afec | 11121: Medidas urgentes para la protección del empleo y la seg | 27855: Hacerse autónomo en España: alta, cuotas y obligaciones | 25913: Salario mínimo interprofesional 2026: cuantía, pagas y "
14344,es,https://delaguialuzon.com/blog/elegir-estructura-legal-startup/,/blog/requisitos-alquilar-en-valencia/,alquilar-tu-piso-airbnb-en-valencia | eliminacion-golden-visas-en-espana | rebaja-de-rentas-para-negocios | inspeccion-fiscal-en-espana | asesoramiento-fiscal,20962: Asesoramiento legal en la alta dirección: errores críti
11904,es,https://delaguialuzon.com/blog/65-aniversario-delaguia-luzon/,/blog/calendario-laboral-2021/ | /despacho-abogados-alcossebre/ | /despacho-abogados-san-juan-alicante/ | /despacho-abogados-benidorm/,implantacion-espana,11921: Entrevista a Gonzalo Gómez Luzón por el 65.º aniversari | 21113: Responsabilidad de administradores: concepto y tipos | 23448: Entrevista a Gonzalo Gómez Luzón: trayectoria y visión  | 20962: Asesoramiento legal en la alta dirección: errores críti | 25908: Ley Beckham en España: guía completa
10615,es,https://delaguialuzon.com/blog/decreto-viviendas-turisticas-cv/,/blog/requisitos-alquilar-en-valencia/,ley-12-2023-de-24-de-mayo-por-el-derecho-a-la-vivienda | alquilar-tu-piso-airbnb-en-valencia | sentencia-tribunal-supremo-pisos-turisticos | alquileres-corta-duracion | iva-apartamentos-turisticos,26290: Pisos turísticos en Valencia: nueva normativa 2026 (Dec
11121,es,https://delaguialuzon.com/blog/medidas-urgentes-dana-valencia-2024/,/blog/hijo-cuarentena-en-valencia/ | /despacho-abogados-san-juan-alicante/,medidas-apoyo-afectados-dana-2024 | rebaja-de-rentas-para-negocios | inspeccion-fiscal-en-espana | asesoramiento-fiscal,"4781: Novedades en materia de seguridad social de los teletra | 27855: Hacerse autónomo en España: alta, cuotas y obligaciones"
2485,es,https://delaguialuzon.com/blog/eliminacion-golden-visas-en-espana/,/blog/requisitos-alquilar-en-valencia/,elegir-estructura-legal-startup | alquilar-tu-piso-airbnb-en-valencia | control-fraude-falsos-no-residentes | iva-apartamentos-turisticos | derechos-laborales-extranjeros-en-espana,12947: Invertir en España: oportunidades para inversores
907,es,https://delaguialuzon.com/blog/alquilar-tu-piso-airbnb-en-valencia/,/despacho-de-abogados-en-oropesa-del-mar/ | /despacho-abogados-javea/ | /blog/requisitos-alquilar-en-valencia/,ley-12-2023-de-24-de-mayo-por-el-derecho-a-la-vivienda | sentencia-tribunal-supremo-pisos-turisticos | inspeccion-fiscal-en-espana,15648: Nueva normativa para alquileres de corta duración en Es | 22509: Licencia turística en Valencia: requisitos legales y ge | 26290: Pisos turísticos en Valencia: nueva normativa 2026 (Dec
4626,es,https://delaguialuzon.com/blog/nueva-revision-de-dietas-y-asignaciones-para-gastos-de-locomocion/,/despacho-abogados-san-juan-alicante/ | /blog/reestructuracion-de-empresas-en-crisis/ | /derecho-fiscal-y-contabilidad/,asesoramiento-fiscal | inspeccion-fiscal-en-espana | autenticacion-eidas,"4757: Ley 12/2023, del 24 de mayo, por el derecho a la vivien | 15648: Nueva normativa para alquileres de corta duración en Es | 26290: Pisos turísticos en Valencia: nueva normativa 2026 (Dec"
4757,es,https://delaguialuzon.com/blog/ley-12-2023-de-24-de-mayo-por-el-derecho-a-la-vivienda/,/blog/requisitos-alquilar-en-valencia/,implantacion-espana | decreto-viviendas-turisticas-cv | alquilar-tu-piso-airbnb-en-valencia | iva-apartamentos-turisticos | eliminacion-golden-visas-en-espana,12947: Invertir en España: oportunidades para inversores
