lang,id,published,slug,related_langs
en,26740,2026-07-09,how-to-protect-yourself-against-hacienda,{'es': 6}
en,25444,2026-06-01,conveyancing-spain,{'es': 6}
en,25069,2026-05-13,apostille-sworn-translation-spain,"{'en': 5, 'es': 1}"
en,24445,2026-04-28,buy-house-valencia-non-resident,"{'es': 1, 'en': 5}"
en,21452,2026-04-16,extraordinary-regularisation-foreigners-spain,"{'fr': 2, 'en': 4}"
en,21606,2026-02-10,spanish-tax-for-australians,"{'es': 1, 'en': 5}"
en,21544,2026-02-06,spain-digital-nomad-visa-w2,"{'es': 2, 'fr': 3, 'ru': 1}"
en,11136,2024-11-06,urgent-measures-dana-valencia-2024,"{'en': 4, 'fr': 2}"
en,4734,2023-07-05,housing-rights-spain,"{'fr': 3, 'en': 3}"
en,1664,2022-04-16,create-limited-company-in-spain,"{'en': 5, 'es': 1}"
en,4854,2021-12-22,find-good-accountant-spain,"{'fr': 5, 'en': 1}"
fr,27316,2026-09-28,regroupement-familial-espagne-2,{'es': 6}
fr,27692,2026-09-24,sinstaller-en-espagne-depuis-letranger-les-demarches-des-90-premiers-jours,{'es': 6}
fr,27322,2026-09-22,residence-mariage-citoyen-espagnol,{'es': 6}
fr,27307,2026-09-17,residence-en-espagne-voies-acces,{'es': 6}
fr,27310,2026-09-15,divorce-espagne-expatries,{'es': 6}
fr,27325,2026-09-11,calendrier-fiscal-espagnol,{'es': 6}
fr,26760,2026-07-09,comment-se-proteger-face-au-fisc-espagnol,{'es': 6}
fr,24989,2026-05-08,hebergements-touristiques-valence,"{'fr': 2, 'es': 4}"
fr,21471,2026-04-16,regularisation-exceptionnelle-etrangers-espagne,"{'fr': 5, 'en': 1}"
fr,2505,2023-03-08,lutte-contre-fraude-faux-non-residents-espagne,"{'fr': 5, 'en': 1}"
ru,13927,2025-03-12,%D0%B8%D0%BD%D0%BE%D1%81%D1%82%D1%80%D0%B0%D0%BD%D0%BD%D1%8B%D0%B5-%D1%80%D0%B0%D0%B1%D0%BE%D1%82%D0%BD%D0%B8%D0%BA%D0%B8-%D0%B2-%D0%B8%D1%81%D0%BF%D0%B0%D0%BD%D0%B8%D0%B8-%D0%BF%D1%80%D0%B0%D0%B2,{'fr': 6}
ru,11993,2025-01-08,65-%D0%BB%D0%B5%D1%82%D0%B8%D0%B5-%D0%B4%D0%B5%D0%BB%D0%B0%D0%B3%D0%B8%D0%B0-%D0%BB%D1%83%D1%81%D0%BE%D0%BD,{'fr': 6}
ru,11848,2024-12-19,%D0%BA%D1%80%D0%B8%D0%BF%D1%82%D0%BE%D0%B2%D0%B0%D0%BB%D1%8E%D1%82%D1%8B-%D0%B2-%D0%B8%D1%81%D0%BF%D0%B0%D0%BD%D0%B8%D0%B8,{'fr': 6}
ru,10376,2024-11-06,%D0%B0%D1%83%D1%82%D0%B5%D0%BD%D1%82%D0%B8%D1%84%D0%B8%D0%BA%D0%B0%D1%86%D0%B8%D1%8F-eidas,{'fr': 6}
ru,9220,2024-09-10,%D0%B4%D0%B5%D0%BA%D0%BB%D0%B0%D1%80%D0%B8%D1%80%D0%BE%D0%B2%D0%B0%D1%82%D1%8C-%D0%BA%D1%80%D0%B8%D0%BF%D1%82%D0%BE%D0%B2%D0%B0%D0%BB%D1%8E%D1%82%D1%83-%D0%B2-%D0%B8%D1%81%D0%BF%D0%B0%D0%BD%D0%B8,{'fr': 6}
ru,8407,2024-06-25,%D0%BD%D0%B0%D0%BD%D1%8F%D1%82%D1%8C-%D0%BA%D0%BE%D0%BD%D1%81%D1%83%D0%BB%D1%8C%D1%82%D0%B0%D0%BD%D1%82%D0%B0-%D0%B1%D1%83%D1%85%D0%B3%D0%B0%D0%BB%D1%82%D0%B5%D1%80%D0%B0,{'fr': 6}
ru,3459,2024-04-15,%D0%B2%D0%BE%D0%B7%D0%BC%D0%BE%D0%B6%D0%BD%D0%B0%D1%8F-%D0%BE%D1%82%D0%BC%D0%B5%D0%BD%D0%B0-%D0%B7%D0%BE%D0%BB%D0%BE%D1%82%D1%8B%D1%85-%D0%B2%D0%B8%D0%B7-%D0%B8%D1%81%D0%BF%D0%B0%D0%BD%D0%B8%D0%B8,{'fr': 6}
ru,1135,2024-03-12,airbnb-%D0%B2%D0%B0%D0%BB%D0%B5%D0%BD%D1%81%D0%B8%D1%8F,{'fr': 6}
