post_id,lang,status,url,kind,dates,changes_logged,last_change
888,fr,live,https://delaguialuzon.com/fr/blog/loi-beckham-regime-fiscal/,REWRITTEN / rendering switched,2026-10-06,2,"Rank Math description rewritten (140 chars, was 160 and said 'loi Beckham de 2004'); excerpt rewritten (207 chars, removed 'Delaguía & Luzón'); title tag kept (53 chars). POST /rankmath/v1/updateMeta,"
892,en,live,https://delaguialuzon.com/en/blog/beckham-law-spanish-tax-regime/,REWRITTEN / rendering switched,2026-10-06,4,"Stored Rank Math meta (module off, not output): rank_math_schema_Service rewritten without the offers node (Offer and PriceSpecification price 60 EUR removed); image Beckam_law.jpg already equals the "
991,en,live,https://delaguialuzon.com/en/blog/rent-your-flat-through-airbnb-in-valencia/,REWRITTEN / rendering switched,2026-10-06,1,"content/edit x11 on _elementor_data: TL;DR registry paragraph corrected (judgment of 19 May 2026, no. 620/2026 per CGPJ note; Valencian number per Ley 15/2018 art. 19.1.b), intro marks the national re"
1130,fr,live,https://delaguialuzon.com/fr/blog/location-airbnb-a-valence/,"checked, not edited",2026-10-06,1,"RDL 26/27 repeal check (2026-10-06): no statement found that depends on the repealed decrees, the annulled registry or the verified rules; nothing edited. See data/staging/1130-rdl-siblings.md"
1135,ru,live,https://delaguialuzon.com/ru/blog/airbnb-%D0%B2%D0%B0%D0%BB%D0%B5%D0%BD%D1%81%D0%B8%D1%8F/,REWRITTEN / rendering switched,2026-10-02,3,"CTA contact corrected (Mike): felix.delaguia@ / +34 963 74 16 57 -> Olesia Davidova o.davidova@delaguialuzon.com / +34 96 352 32 91 (tel:+34963523291), content/edit replace_all on the rendered body"
1571,ru,live,https://delaguialuzon.com/ru/blog/%D0%BA%D1%80%D0%B8%D0%B7%D0%B8%D1%81%D0%BD%D1%8B%D0%B5-%D0%BA%D0%BE%D0%BC%D0%BF%D0%B0%D0%BD%D0%B8%D0%B8-%D0%B8%D1%81%D0%BF%D0%B0%D0%BD%D0%B8%D0%B8/,REWRITTEN / rendering switched,2026-10-02,4,"CTA contact corrected (Mike): felix.delaguia@ / +34 963 74 16 57 -> Olesia Davidova o.davidova@delaguialuzon.com / +34 96 352 32 91 (tel:+34963523291), content/edit replace_all on the rendered body"
1664,en,live,https://delaguialuzon.com/en/blog/create-limited-company-in-spain/,related list only,2026-10-01,0,Link Whisper related list only (2026-10-01)
1772,ru,live,https://delaguialuzon.com/ru/blog/%D0%B7%D0%B0%D0%BA%D0%BE%D0%BD-%D0%B1%D0%B5%D0%BA%D1%85%D1%8D%D0%BC%D0%B0-%D0%BD%D0%B0%D0%BB%D0%BE%D0%B3%D0%B8-%D0%B8%D1%81%D0%BF%D0%B0%D0%BD%D0%B8%D1%8F-%D0%B8%D0%BD%D0%BE%D1%81%D1%82%D1%80%D0%B0/,REWRITTEN / rendering switched,2026-10-02,4,"3 content/edit on _elementor_data: CTA, closing and Q2 answer contact = Olesia Davidova"
1815,en,live,https://delaguialuzon.com/en/blog/legal-aspects-renting-in-valencia/,REWRITTEN / rendering switched,2026-10-06,1,"content/edit x5 on _elementor_data (two with replace_all for the embedded FAQ schema): ""IRA capped, replaced CPI from 2024, published quarterly by the Ministry"" replaced by art. 18 LAU + DA 11 (INE IR"
1819,fr,live,https://delaguialuzon.com/fr/blog/louer-a-valence/,"checked, not edited",2026-10-06,1,"RDL 26/27 repeal check (2026-10-06): no statement found that depends on the repealed decrees, the annulled registry or the verified rules; nothing edited. See data/staging/1819-rdl-siblings.md"
1824,ru,live,https://delaguialuzon.com/ru/blog/%D0%B0%D1%80%D0%B5%D0%BD%D0%B4%D1%8B-%D0%B2-%D0%B2%D0%B0%D0%BB%D0%B5%D0%BD%D1%81%D0%B8%D0%B8/,REWRITTEN / rendering switched,2026-10-02 2026-10-06,4,"Rewrote every passage that depended on RDL 26/2026 and 27/2026 (not validated by the Congreso on 2 Oct 2026, repealed: BOE-A-2026-20526 / 20527): TL;DR bullets 3, 6, 7; intro (decrees repealed, rules "
2003,ru,live,https://delaguialuzon.com/ru/blog/%D0%B7%D0%B5%D0%BB%D0%B5%D0%BD%D0%BE%D0%B9-%D0%BA%D0%B0%D1%80%D1%82%D0%BE%D0%B9-nie-%D0%B8-tie/,REWRITTEN / rendering switched,2026-10-02,3,"CTA contact corrected (Mike): felix.delaguia@ / +34 963 74 16 57 -> Olesia Davidova o.davidova@delaguialuzon.com / +34 96 352 32 91 (tel:+34963523291), content/edit replace_all on the rendered body"
2175,en,live,https://delaguialuzon.com/en/blog/fraud-by-false-non-residents/,meta / schema only,2026-10-06,1,"U-8: Rank Math focus keyword changed from ""non-resident income tax in spain"" (now used by new draft 28177) to ""false non-residents Spain"". Title changed from ""Non-Resident Income Tax in Spain 2026: Fr"
2505,fr,live,https://delaguialuzon.com/fr/blog/lutte-contre-fraude-faux-non-residents-espagne/,related list only,2026-10-01,0,Link Whisper related list only (2026-10-01)
2564,en,live,https://delaguialuzon.com/en/blog/becoming-self-employed-in-spain/,facts / text corrected,2026-10-06,1,"U-9 upgrade, Elementor widget text edited with 17 match-once content/edit replacements on _elementor_data. TL;DR H2 'Becoming self-employed in Spain: key points' (7 bullets); new H2 'Becoming self-emp"
2645,fr,live,https://delaguialuzon.com/fr/blog/la-fiscalite-espagnole-tout-savoir-avant-de-s-expatrier/,facts / text corrected,2026-10-02,1,"Inbound link to 10335: '(ex. : ISGF, DAC8, eIDAS)' -> anchor 'identite numerique eIDAS' -> /fr/blog/reglement-eidas/; brand in the same sentence fixed 'Contactez Delaguia & Luzon' -> 'Delaguia y Luzon"
2678,fr,live,https://delaguialuzon.com/fr/blog/tout-savoir-sur-le-modelo-720/,REWRITTEN / rendering switched,2026-10-02 2026-10-06,3,"Rank Math title (55 chars) and description (139 chars, was 156) rewritten to mention Modelo 721; excerpt rewritten (207 chars). POST /rankmath/v1/updateMeta, PUT /wp/v2/posts/2678 (excerpt only)"
2687,fr,live,https://delaguialuzon.com/fr/blog/statut-juridique-entreprise/,REWRITTEN / rendering switched,2026-10-02,2,Rendering switched to the cleaned 2026 rewrite in post_content (Mike approved 2026-10-02): _elementor_edit_mode builder -> empty via POST /wpvibe/v1/content/edit (meta). _elementor_data kept untouched
2823,fr,live,https://delaguialuzon.com/fr/blog/location-bien-immobilier-espagne/,REWRITTEN / rendering switched,2026-10-02 2026-10-06,5,"Follow-up: TL;DR bullet 6 and FAQ 5 (art. 20.1 LAU costs of management and formalisation are for the landlord; removed the ""ni directement ni indirectement"" and non-essential-service sentences that ca"
2869,en,live,https://delaguialuzon.com/en/blog/renting-property-in-spain/,REWRITTEN / rendering switched,2026-10-06,1,"content/edit x17 on _elementor_data: IRAV 2.14 pct cap and 2024-2026 cap table removed (art. 18.1 LAU still refers to CPI, DA 11 names INE index as reference limit, RDL 26/2026 2 pct cap repealed, CTA"
3459,ru,live,https://delaguialuzon.com/ru/blog/%D0%B2%D0%BE%D0%B7%D0%BC%D0%BE%D0%B6%D0%BD%D0%B0%D1%8F-%D0%BE%D1%82%D0%BC%D0%B5%D0%BD%D0%B0-%D0%B7%D0%BE%D0%BB%D0%BE%D1%82%D1%8B%D1%85-%D0%B2%D0%B8%D0%B7-%D0%B8%D1%81%D0%BF%D0%B0%D0%BD%D0%B8%D0%B8/,REWRITTEN / rendering switched,2026-10-02,3,"CTA contact corrected (Mike): felix.delaguia@ / +34 963 74 16 57 -> Olesia Davidova o.davidova@delaguialuzon.com / +34 96 352 32 91 (tel:+34963523291), content/edit replace_all on the rendered body"
4734,en,live,https://delaguialuzon.com/en/blog/housing-rights-spain/,REWRITTEN / rendering switched,2026-10-06,1,"content/edit x13 on _elementor_data (incl. replace_all for text duplicated in the embedded FAQPage JSON-LD): large landlord = more than 10 urban homes or 1,500 m2, 5 or more only where a zone declarat"
4854,en,live,https://delaguialuzon.com/en/blog/find-good-accountant-spain/,related list only,2026-10-01,0,Link Whisper related list only (2026-10-01)
7335,fr,live,https://delaguialuzon.com/fr/blog/crowdfunding-immobilier-espagne/,REWRITTEN / rendering switched,2026-10-02,2,Rendering switched to the cleaned 2026 rewrite in post_content (Mike approved 2026-10-02): _elementor_edit_mode builder -> empty via POST /wpvibe/v1/content/edit (meta). _elementor_data kept untouched
7869,ru,live,https://delaguialuzon.com/ru/blog/%D0%BF%D1%80%D0%BE%D0%B3%D1%80%D0%B0%D0%BC%D0%BC%D0%B0-%D0%BD%D0%B0%D0%B9%D0%BC%D0%B0-%D0%BC%D0%BE%D0%BB%D0%BE%D0%B4%D1%8B%D1%85-%D1%81%D0%BF%D0%B5%D1%86%D0%B8%D0%B0%D0%BB%D0%B8%D1%81%D1%82%D0%BE%D0%B2-%D0%B2%D0%B0%D0%BB%D0%B5%D0%BD%D1%81%D0%B8%D1%8F/,REWRITTEN / rendering switched,2026-10-02,4,"CTA contact corrected (Mike): felix.delaguia@ / +34 963 74 16 57 -> Olesia Davidova o.davidova@delaguialuzon.com / +34 96 352 32 91 (tel:+34963523291), content/edit replace_all on the rendered body"
7928,ru,live,https://delaguialuzon.com/ru/blog/%D1%81%D1%83%D0%B1%D1%81%D0%B8%D0%B4%D0%B8%D0%B8-ecovul-%D0%B1%D0%B5%D1%81%D1%81%D1%80%D0%BE%D1%87%D0%BD%D0%BE%D0%B5-%D1%82%D1%80%D1%83%D0%B4%D0%BE%D1%83%D1%81%D1%82%D1%80%D0%BE%D0%B9%D1%81%D1%82%D0%B2%D0%BE-%D0%B2%D0%B0%D0%BB%D0%B5%D0%BD%D1%81%D0%B8%D1%8F/,REWRITTEN / rendering switched,2026-10-02,4,"CTA contact corrected (Mike): felix.delaguia@ / +34 963 74 16 57 -> Olesia Davidova o.davidova@delaguialuzon.com / +34 96 352 32 91 (tel:+34963523291), content/edit replace_all on the rendered body"
8175,ru,live,https://delaguialuzon.com/ru/blog/%D0%BE%D0%BD%D0%BB%D0%B0%D0%B9%D0%BD-%D0%B1%D0%B8%D0%B7%D0%BD%D0%B5%D1%81/,REWRITTEN / rendering switched,2026-10-02,3,"CTA contact corrected (Mike): felix.delaguia@ / +34 963 74 16 57 -> Olesia Davidova o.davidova@delaguialuzon.com / +34 96 352 32 91 (tel:+34963523291), content/edit replace_all on the rendered body"
8364,ru,live,https://delaguialuzon.com/ru/blog/%D1%81%D1%82%D1%80%D0%B0%D1%82%D0%B5%D0%B3%D0%B8%D0%B8-%D1%84%D0%B8%D0%BD%D0%B0%D0%BD%D1%81%D0%B8%D1%80%D0%BE%D0%B2%D0%B0%D0%BD%D0%B8%D0%B5-%D1%81%D1%82%D0%B0%D1%80%D1%82%D0%B0%D0%BF%D1%8B/,REWRITTEN / rendering switched,2026-10-02,3,"CTA contact corrected (Mike): felix.delaguia@ / +34 963 74 16 57 -> Olesia Davidova o.davidova@delaguialuzon.com / +34 96 352 32 91 (tel:+34963523291), content/edit replace_all on the rendered body"
8402,fr,live,https://delaguialuzon.com/fr/blog/engager-comptable-valencia/,REWRITTEN / rendering switched,2026-10-02,2,Rendering switched to the cleaned 2026 rewrite in post_content (Mike approved 2026-10-02): _elementor_edit_mode builder -> empty via POST /wpvibe/v1/content/edit (meta). _elementor_data kept untouched
8407,ru,live,https://delaguialuzon.com/ru/blog/%D0%BD%D0%B0%D0%BD%D1%8F%D1%82%D1%8C-%D0%BA%D0%BE%D0%BD%D1%81%D1%83%D0%BB%D1%8C%D1%82%D0%B0%D0%BD%D1%82%D0%B0-%D0%B1%D1%83%D1%85%D0%B3%D0%B0%D0%BB%D1%82%D0%B5%D1%80%D0%B0/,REWRITTEN / rendering switched,2026-10-02,2,"CTA contact corrected (Mike): felix.delaguia@ / +34 963 74 16 57 -> Olesia Davidova o.davidova@delaguialuzon.com / +34 96 352 32 91 (tel:+34963523291), content/edit replace_all on the rendered body"
8615,fr,live,https://delaguialuzon.com/fr/blog/declarer-crypto-en-espagne/,REWRITTEN / rendering switched,2026-10-02,2,Rendering switched to the cleaned 2026 rewrite in post_content (Mike approved 2026-10-02): _elementor_edit_mode builder -> empty via POST /wpvibe/v1/content/edit (meta). _elementor_data kept untouched
8655,fr,live,https://delaguialuzon.com/fr/blog/travailler-en-espagne-en-tant-que-francais/,REWRITTEN / rendering switched,2026-10-02,3,Rendering switched to the cleaned 2026 rewrite in post_content (Mike approved 2026-10-02): _elementor_edit_mode builder -> empty via POST /wpvibe/v1/content/edit (meta). _elementor_data kept untouched
9220,ru,live,https://delaguialuzon.com/ru/blog/%D0%B4%D0%B5%D0%BA%D0%BB%D0%B0%D1%80%D0%B8%D1%80%D0%BE%D0%B2%D0%B0%D1%82%D1%8C-%D0%BA%D1%80%D0%B8%D0%BF%D1%82%D0%BE%D0%B2%D0%B0%D0%BB%D1%8E%D1%82%D1%83-%D0%B2-%D0%B8%D1%81%D0%BF%D0%B0%D0%BD%D0%B8/,REWRITTEN / rendering switched,2026-10-02,3,"CTA contact corrected (Mike): felix.delaguia@ / +34 963 74 16 57 -> Olesia Davidova o.davidova@delaguialuzon.com / +34 96 352 32 91 (tel:+34963523291), content/edit replace_all on the rendered body"
10247,en,live,https://delaguialuzon.com/en/blog/british-expats-brexit/,REWRITTEN / rendering switched,2026-10-06,2,post_excerpt replaced (old one started with 'Discover')
10335,fr,live,https://delaguialuzon.com/fr/blog/reglement-eidas/,REWRITTEN / rendering switched,2026-10-02,3,Rendering switched to the cleaned 2026 rewrite in post_content (Mike approved 2026-10-02): _elementor_edit_mode builder -> empty via POST /wpvibe/v1/content/edit (meta). _elementor_data kept untouched
10376,ru,live,https://delaguialuzon.com/ru/blog/%D0%B0%D1%83%D1%82%D0%B5%D0%BD%D1%82%D0%B8%D1%84%D0%B8%D0%BA%D0%B0%D1%86%D0%B8%D1%8F-eidas/,REWRITTEN / rendering switched,2026-10-02,2,"CTA contact corrected (Mike): felix.delaguia@ / +34 963 74 16 57 -> Olesia Davidova o.davidova@delaguialuzon.com / +34 96 352 32 91 (tel:+34963523291), content/edit replace_all on the rendered body"
10629,fr,live,https://delaguialuzon.com/fr/blog/decret-logements-touristiques-communaute-valencienne/,REWRITTEN / rendering switched,2026-10-02 2026-10-06,5,"WPML trap: the first two saves flipped 10629 itself to builder (page rendered the old Elementor body for about 3 minutes); restored to empty via content/edit meta, cache purge"
11136,en,live,https://delaguialuzon.com/en/blog/urgent-measures-dana-valencia-2024/,related list only,2026-10-01,0,Link Whisper related list only (2026-10-01)
11817,fr,live,https://delaguialuzon.com/fr/blog/cryptomonnaies-et-entreprises-en-espagne/,REWRITTEN / rendering switched,2026-10-02,3,Rendering switched to the cleaned 2026 rewrite in post_content (Mike approved 2026-10-02): _elementor_edit_mode builder -> empty via POST /wpvibe/v1/content/edit (meta). _elementor_data kept untouched
11848,ru,live,https://delaguialuzon.com/ru/blog/%D0%BA%D1%80%D0%B8%D0%BF%D1%82%D0%BE%D0%B2%D0%B0%D0%BB%D1%8E%D1%82%D1%8B-%D0%B2-%D0%B8%D1%81%D0%BF%D0%B0%D0%BD%D0%B8%D0%B8/,REWRITTEN / rendering switched,2026-10-02,2,"CTA contact corrected (Mike): felix.delaguia@ / +34 963 74 16 57 -> Olesia Davidova o.davidova@delaguialuzon.com / +34 96 352 32 91 (tel:+34963523291), content/edit replace_all on the rendered body"
11921,es,live,https://delaguialuzon.com/blog/entrevista-gonzalo-gomez-luzon/,related list only,2026-10-01,0,Link Whisper related list only (2026-10-01)
11993,ru,live,https://delaguialuzon.com/ru/blog/65-%D0%BB%D0%B5%D1%82%D0%B8%D0%B5-%D0%B4%D0%B5%D0%BB%D0%B0%D0%B3%D0%B8%D0%B0-%D0%BB%D1%83%D1%81%D0%BE%D0%BD/,REWRITTEN / rendering switched,2026-10-02,3,"CTA contact corrected (Mike): felix.delaguia@ / +34 963 74 16 57 -> Olesia Davidova o.davidova@delaguialuzon.com / +34 96 352 32 91 (tel:+34963523291), content/edit replace_all on the rendered body"
12930,fr,live,https://delaguialuzon.com/fr/blog/investir-en-espagne/,REWRITTEN / rendering switched,2026-10-02 2026-10-06,5,"WPML trap: saves flipped 12930 to builder; restored to empty via content/edit meta, cache purge"
12942,ru,live,https://delaguialuzon.com/ru/blog/%D0%B8%D0%BD%D0%B2%D0%B5%D1%81%D1%82%D0%B8%D1%86%D0%B8%D0%B8-%D0%B2-%D0%BD%D0%B5%D0%B4%D0%B2%D0%B8%D0%B6%D0%B8%D0%BC%D0%BE%D1%81%D1%82%D1%8C-%D0%B8%D1%81%D0%BF%D0%B0%D0%BD%D0%B8%D0%B8/,REWRITTEN / rendering switched,2026-10-02 2026-10-06,4,"Removed the 'pending validation' RDL 26/2026 measures (VAT 10 % on lets of 30 nights or less from 1 Dec 2026, IBI surcharge on tourist homes) and the art. 85 LIRPF 2027 sentence; added the repeal (BOE"
13243,fr,live,https://delaguialuzon.com/fr/blog/smi-espagne/,REWRITTEN / rendering switched,2026-10-01,2,"Citations inline (Mike 2026-10-01 house rule), COMPLETED (Mike: ""finish 13243""): remaining markers [1]-[6] removed from body, table notes, obligations list and FAQ; sources linked inline on descriptiv"
13250,en,live,https://delaguialuzon.com/en/blog/minimum-interprofessional-salary/,REWRITTEN / rendering switched,2026-10-01,36,"LiteSpeed purge of post URL; live HTTP 200, final _elementor_data MD5 35ab845603d23c8b7670582e29607c48 = expected"
13540,ru,live,https://delaguialuzon.com/ru/blog/%D0%BD%D0%B0%D1%81%D0%BB%D0%B5%D0%B4%D1%81%D1%82%D0%B2%D0%BE-%D0%B2-%D0%B8%D1%81%D0%BF%D0%B0%D0%BD%D0%B8%D0%B8/,REWRITTEN / rendering switched,2026-10-02,5,2 content/edit on _elementor_data: CTA and closing contact = Olesia Davidova
13755,en,live,https://delaguialuzon.com/en/blog/supreme-court-ruling-tourist-apartments/,REWRITTEN / rendering switched,2026-10-06,1,"content/edit x14 on _elementor_data: STS 1025/2025 and 642/2026 removed (not verifiable on CGPJ/CENDOJ/BOE), replaced by the CGPJ note of 7 Oct 2024 (plenary rulings, 3/5 can prohibit); licence-vs-com"
13762,fr,live,https://delaguialuzon.com/fr/blog/logements-touristiques-en-espagne/,facts / text corrected,2026-10-06,1,"content/edit x17 on _elementor_data: ""cas a Madrid"" removed (CGPJ note gives no city), arret dated 18 Feb 2025 (no. 264/2025, CGPJ note 6 Mar 2025 linked), TL;DR, intro, consequences, steps and 4 FAQ "
13794,ru,live,https://delaguialuzon.com/ru/blog/%D1%80%D0%B5%D1%88%D0%B5%D0%BD%D0%B8%D0%B5-%D0%B2%D0%B5%D1%80%D1%85%D0%BE%D0%B2%D0%BD%D0%BE%D0%B3%D0%BE-%D1%81%D1%83%D0%B4%D0%B0-%D1%82%D1%83%D1%80%D0%B8%D1%81%D1%82%D0%B8%D1%87%D0%B5%D1%81%D0%BA/,REWRITTEN / rendering switched,2026-10-02,3,"CTA contact corrected (Mike): felix.delaguia@ / +34 963 74 16 57 -> Olesia Davidova o.davidova@delaguialuzon.com / +34 96 352 32 91 (tel:+34963523291), content/edit replace_all on the rendered body"
13927,ru,live,https://delaguialuzon.com/ru/blog/%D0%B8%D0%BD%D0%BE%D1%81%D1%82%D1%80%D0%B0%D0%BD%D0%BD%D1%8B%D0%B5-%D1%80%D0%B0%D0%B1%D0%BE%D1%82%D0%BD%D0%B8%D0%BA%D0%B8-%D0%B2-%D0%B8%D1%81%D0%BF%D0%B0%D0%BD%D0%B8%D0%B8-%D0%BF%D1%80%D0%B0%D0%B2/,REWRITTEN / rendering switched,2026-10-02,3,"CTA contact corrected (Mike): felix.delaguia@ / +34 963 74 16 57 -> Olesia Davidova o.davidova@delaguialuzon.com / +34 96 352 32 91 (tel:+34963523291), content/edit replace_all on the rendered body"
14460,ru,live,https://delaguialuzon.com/ru/blog/%D0%BA%D0%B0%D0%BA-%D1%83%D1%87%D1%80%D0%B5%D0%B4%D0%B8%D1%82%D1%8C-%D1%81%D1%82%D0%B0%D1%80%D1%82%D0%B0%D0%BF-%D0%B2-%D0%B8%D1%81%D0%BF%D0%B0%D0%BD%D0%B8%D0%B8/,REWRITTEN / rendering switched,2026-10-02,3,"CTA contact corrected (Mike): felix.delaguia@ / +34 963 74 16 57 -> Olesia Davidova o.davidova@delaguialuzon.com / +34 96 352 32 91 (tel:+34963523291), content/edit replace_all on the rendered body"
14634,ru,live,https://delaguialuzon.com/ru/blog/%D0%B8%D0%BD%D1%82%D0%B5%D1%80%D0%B2%D1%8C%D1%8E-%D0%B3%D0%BE%D0%BD%D1%81%D0%B0%D0%BB%D0%BE-%D0%B3%D0%BE%D0%BC%D0%B5%D1%81-%D0%BB%D1%83%D1%81%D0%BE%D0%BD/,REWRITTEN / rendering switched,2026-10-02,3,"CTA contact corrected (Mike): felix.delaguia@ / +34 963 74 16 57 -> Olesia Davidova o.davidova@delaguialuzon.com / +34 96 352 32 91 (tel:+34963523291), content/edit replace_all on the rendered body"
15116,en,live,https://delaguialuzon.com/en/blog/modelo-720-spain/,REWRITTEN / rendering switched,2026-10-06,3,H1 changed via PUT /wp/v2/posts/15116 (title only) from 'Modelo 720: Mandatory informative declaration of foreign assets for Spanish tax residents' to 'Modelo 720 Spain: foreign assets declaration and
15852,en,live,https://delaguialuzon.com/en/blog/vat-short-term-tourist-rentals/,REWRITTEN / rendering switched,2026-10-06,1,"content/edit x7 on _elementor_data: hotel services now ""any"" (no two-services minimum, LIVA art. 20.Uno.23.e), form 036 only and IAE group 685 (037 abolished 3 Feb 2025), FAQ 2 and 6 aligned, ViDA sec"
15895,fr,live,https://delaguialuzon.com/fr/blog/tva-sur-les-locations-touristiques-en-espagne/,REWRITTEN / rendering switched,2026-10-06,2,"Full rewrite in the Elementor widgets (elementor/save-page): TL;DR H2, noun-form H2/H3, verbatim LIVA 20.Uno.23 e), RIVA, TRLIRNR 25.1.a and Directive 2025/516 quotes, inline sources, recap table, CTA"
15904,ru,live,https://delaguialuzon.com/ru/blog/%D0%BD%D0%B4%D1%81-%D0%BA%D0%B2%D0%B0%D1%80%D1%82%D0%B8%D1%80%D1%8B-%D1%82%D1%83%D1%80%D0%B8%D1%81%D1%82%D1%8B-%D0%B8%D1%81%D0%BF%D0%B0%D0%BD%D0%B8%D1%8F/,REWRITTEN / rendering switched,2026-10-02 2026-10-06,4,"Rewrote the RDL 26/2026 VAT content: TL;DR bullets 4-5 (decree not validated and repealed; no duration criterion in art. 20.Uno.23 LIVA), intro, section now 'Декрет-закон 26/2026 отменён: аренда на ср"
16608,es,live,https://delaguialuzon.com/blog/calendario-laboral-2026/,REWRITTEN / rendering switched,2026-10-01,23,"NOT done (open decisions): slug/redirects (Option B, D-10), <details> FAQ -> H3 conversion (D-2), attachment 16617 alt, valencia.es source approval"
18814,fr,live,https://delaguialuzon.com/fr/blog/restructuration-entreprise-espagne/,REWRITTEN / rendering switched,2026-10-02,2,Rendering switched to the cleaned 2026 rewrite in post_content (Mike approved 2026-10-02): _elementor_edit_mode builder -> empty via POST /wpvibe/v1/content/edit (meta). _elementor_data kept untouched
20394,en,live,https://delaguialuzon.com/en/blog/spanish-non-lucrative-visa/,REWRITTEN / rendering switched,2026-10-06,4,"Stored Rank Math meta (module off, not output) via POST /rankmath/v1/updateMeta: rank_math_schema_Service without the offers node (price 60 EUR removed); rank_math_schema_ImageObject url spanish-non-l"
20962,es,live,https://delaguialuzon.com/blog/asesoramiento-legal/,related list only,2026-10-01,0,Link Whisper related list only (2026-10-01)
21113,es,live,https://delaguialuzon.com/blog/responsabilidad-de-administradores/,related list only,2026-10-01,0,Link Whisper related list only (2026-10-01)
21398,es,live,https://delaguialuzon.com/blog/regularizacion-extraordinaria/,REWRITTEN / rendering switched,2026-10-01,20,Citations inline (Mike 2026-10-01 house rule): 4 sources in the text as descriptive anchors (Real Decreto 316/2026 + BOE-A-2026-8284; Real Decreto 1155/2024 already inline; nota del Gobierno de 21 de 
21452,en,live,https://delaguialuzon.com/en/blog/extraordinary-regularisation-foreigners-spain/,REWRITTEN / rendering switched,2026-10-01,25,Citations inline (Mike 2026-10-01 house rule): 4 sources moved into the text as descriptive anchors (RD 316/2026 BOE-A-2026-8284; RD 1155/2024 already inline; La Moncloa note 21 Apr 2026; La Moncloa c
21471,fr,live,https://delaguialuzon.com/fr/blog/regularisation-exceptionnelle-etrangers-espagne/,REWRITTEN / rendering switched,2026-10-01,18,Citations inline (Mike 2026-10-01 house rule): 4 sources in the text as descriptive anchors (Real Decreto 316/2026 + BOE-A-2026-8284; Real Decreto 1155/2024 already inline; note du Gouvernement du 21 
21544,en,live,https://delaguialuzon.com/en/blog/spain-digital-nomad-visa-w2/,related list only,2026-10-01,0,Link Whisper related list only (2026-10-01)
21606,en,live,https://delaguialuzon.com/en/blog/spanish-tax-for-australians/,related list only,2026-10-01,0,Link Whisper related list only (2026-10-01)
22409,en,live,https://delaguialuzon.com/en/blog/spanish-wealth-tax/,facts / text corrected,2026-10-06,2,"Excerpt rewritten from 325 to 246 characters via PUT /wp/v2/posts/22409 (excerpt only): EUR 2 million Valencian minimum for residents of the Comunitat only, EUR 700,000 state minimum for non-residents"
23581,ru,live,https://delaguialuzon.com/ru/blog/%D1%8D%D0%BA%D1%81%D1%82%D1%80%D0%B0%D0%BE%D1%80%D0%B4%D0%B8%D0%BD%D0%B0%D1%80%D0%BD%D0%B0%D1%8F-%D0%BB%D0%B5%D0%B3%D0%B0%D0%BB%D0%B8%D0%B7%D0%B0%D1%86%D0%B8%D1%8F/,REWRITTEN / rendering switched,2026-10-01 2026-10-02,23,"CTA contact corrected (Mike): felix.delaguia@ / +34 963 74 16 57 -> Olesia Davidova o.davidova@delaguialuzon.com / +34 96 352 32 91 (tel:+34963523291), content/edit replace_all on the rendered body"
24295,ru,live,https://delaguialuzon.com/ru/blog/%D0%B2%D0%B8%D0%B7%D0%B0-%D1%86%D0%B8%D1%84%D1%80%D0%BE%D0%B2%D0%BE%D0%B3%D0%BE-%D0%BA%D0%BE%D1%87%D0%B5%D0%B2%D0%BD%D0%B8%D0%BA%D0%B0-%D0%B2-%D0%B8%D1%81%D0%BF%D0%B0%D0%BD%D0%B8%D1%8E-%D1%82%D1%80/,REWRITTEN / rendering switched,2026-10-02,3,"CTA contact corrected (Mike): felix.delaguia@ / +34 963 74 16 57 -> Olesia Davidova o.davidova@delaguialuzon.com / +34 96 352 32 91 (tel:+34963523291), content/edit replace_all on the rendered body"
24366,ru,live,https://delaguialuzon.com/ru/blog/%D0%BD%D0%B0%D0%BB%D0%BE%D0%B3-%D0%BD%D0%B0-%D0%B1%D0%BE%D0%B3%D0%B0%D1%82%D1%81%D1%82%D0%B2%D0%BE-%D0%B8%D1%81%D0%BF%D0%B0%D0%BD%D0%B8%D1%8F/,REWRITTEN / rendering switched,2026-10-02,5,"2 content/edit: CTA and closing line contact = Olesia Davidova (o.davidova@, +34 96 352 32 91) per Mike correction"
24445,en,live,https://delaguialuzon.com/en/blog/buy-house-valencia-non-resident/,REWRITTEN / rendering switched,2026-10-06,3,"Stored Rank Math meta (module off, not output) via POST /rankmath/v1/updateMeta: rank_math_schema_FAQPage replaced by the 8 visible FAQs (old one had unsourced six to twelve and ten to sixteen week ti"
24774,ru,live,https://delaguialuzon.com/ru/blog/%D1%81%D1%83%D0%B1%D1%81%D0%B8%D0%B4%D0%B8%D0%B8-%D0%B4%D0%BB%D1%8F-%D1%81%D0%B0%D0%BC%D0%BE%D0%B7%D0%B0%D0%BD%D1%8F%D1%82%D1%8B%D1%85/,REWRITTEN / rendering switched,2026-10-02,3,"CTA contact corrected (Mike): felix.delaguia@ / +34 963 74 16 57 -> Olesia Davidova o.davidova@delaguialuzon.com / +34 96 352 32 91 (tel:+34963523291), content/edit replace_all on the rendered body"
24989,fr,live,https://delaguialuzon.com/fr/blog/hebergements-touristiques-valence/,related list only,2026-10-01,0,Link Whisper related list only (2026-10-01)
25069,en,live,https://delaguialuzon.com/en/blog/apostille-sworn-translation-spain/,related list only,2026-10-01,0,Link Whisper related list only (2026-10-01)
25207,en,live,https://delaguialuzon.com/en/blog/ees-etias-uk-nationals-spain/,REWRITTEN / rendering switched,2026-10-06,1,"Fix round 2: Elementor body rewritten with elementor/save-page (same container 66612dba and widget 71229a49). ETIAS fee corrected from EUR 7 to EUR 20 (free under 18 and over 70), ETIAS dated: not in "
25233,en,live,https://delaguialuzon.com/en/blog/writing-spanish-will/,REWRITTEN / rendering switched,2026-10-06,3,"Body JSON-LD in _elementor_data (text-editor widget) fixed with 4 content/edit snippet replacements: WebPage, Article, ImageObject, Breadcrumb, Service and FAQ ids and urls spanish-will-uk-nationals -"
25415,en,live,https://delaguialuzon.com/en/blog/valencia-suburbs-for-expats/,"checked, not edited",2026-10-06,1,"RDL 26/27 repeal check (2026-10-06): no statement found that depends on the repealed decrees, the annulled registry or the verified rules; nothing edited. See data/staging/25415-rdl-siblings.md"
25444,en,live,https://delaguialuzon.com/en/blog/conveyancing-spain/,"checked, not edited",2026-10-06,1,"RDL 26/27 repeal check (2026-10-06): no statement found that depends on the repealed decrees, the annulled registry or the verified rules; nothing edited. See data/staging/25444-rdl-siblings.md"
25840,fr,live,https://delaguialuzon.com/fr/blog/cotisations-autonomos-2026-baremes-reta/,REWRITTEN / rendering switched,2026-10-06,1,"List indentation fixed (Mike): WordPress auto-paragraph filter inserted stray <p> tags at blank lines inside the pasted <style> block, so the browser dropped ~45 of ~60 rules (all list rules) but kept"
25908,es,live,https://delaguialuzon.com/blog/ley-beckham/,related list only,2026-10-01,0,Link Whisper related list only (2026-10-01)
25941,es,live,https://delaguialuzon.com/blog/ley-de-segunda-oportunidad/,related list only,2026-10-01,0,Link Whisper related list only (2026-10-01)
25946,es,live,https://delaguialuzon.com/blog/concurso-de-acreedores/,related list only,2026-10-01,0,Link Whisper related list only (2026-10-01)
26030,ru,live,https://delaguialuzon.com/ru/blog/%D0%BF%D1%80%D0%BE%D0%B4%D0%BB%D0%B5%D0%BD%D0%B8%D0%B5-%D0%B2%D0%BD%D0%B6-%D0%B1%D0%B5%D0%B7-%D0%BF%D1%80%D0%B0%D0%B2%D0%B0-%D0%BD%D0%B0-%D1%80%D0%B0%D0%B1%D0%BE%D1%82%D1%83/,REWRITTEN / rendering switched,2026-10-02,3,"CTA contact corrected (Mike): felix.delaguia@ / +34 963 74 16 57 -> Olesia Davidova o.davidova@delaguialuzon.com / +34 96 352 32 91 (tel:+34963523291), content/edit replace_all on the rendered body"
26642,fr,"not public (draft, trashed or private)",,facts / text corrected,2026-10-01,6,Verification: SQL MD5 cb1895603dbb42393bb698c4bc72601b = local file 26642_final.html; post_status=draft
26740,en,live,https://delaguialuzon.com/en/blog/how-to-protect-yourself-against-hacienda/,related list only,2026-10-01,0,Link Whisper related list only (2026-10-01)
26760,fr,live,https://delaguialuzon.com/fr/blog/comment-se-proteger-face-au-fisc-espagnol/,related list only,2026-10-01,0,Link Whisper related list only (2026-10-01)
26964,ru,live,https://delaguialuzon.com/ru/blog/%D1%81%D0%B8%D0%BD%D0%B4%D1%80%D0%BE%D0%BC-%D0%B2%D0%B0%D0%BD-%D0%B3%D0%B0%D0%BB%D0%B0-%D0%B8-%D0%B7%D0%B0%D0%BA%D0%BE%D0%BD-%D0%B1%D0%B5%D0%BA%D1%85%D1%8D%D0%BC%D0%B0-%D0%B2-%D0%B8%D1%81%D0%BF/,REWRITTEN / rendering switched,2026-10-02,4,2 content/edit on _elementor_data: CTA and closing contact = Olesia Davidova
26979,fr,"not public (draft, trashed or private)",,meta / schema only,2026-10-01,1,"Duplicate draft of 27307 (same focus keyword). Useful verified content merged into 27307. WPML trid 3301 has no siblings. Moved to trash via REST DELETE /wp/v2/posts/26979 (not forced, reversible); sl"
27052,en,live,https://delaguialuzon.com/en/blog/selling-property-spain-non-resident/,REWRITTEN / rendering switched,2026-10-06,1,"Fix round 2: Elementor body rewritten with elementor/save-page (same container 760e8eb9 and widget 35869dcc). Removed the 24% capital gains claim (TL;DR, body, table, FAQ, FAQPage schema): non-residen"
27304,fr,"not public (draft, trashed or private)",,other edit,2026-10-01,1,"Duplicate draft of 26642 (non-lucrative visa). Verified unique content merged into 26642. WPML trid 3372 has no siblings. Moved to trash via REST DELETE /wp/v2/posts/27304 (not forced, reversible); sl"
27307,fr,live,https://delaguialuzon.com/fr/blog/residence-en-espagne-voies-acces/,REWRITTEN / rendering switched,2026-10-01,29,"Verification: baseline MD5 9076eece6c734c87b549ea569914fe63 rechecked before first write; per-edit byte counts matched simulation; final SQL MD5 59c7a7804508b25d63fcffa507a825f6 = local simulation, JS"
27310,fr,live,https://delaguialuzon.com/fr/blog/divorce-espagne-expatries/,related list only,2026-10-01,0,Link Whisper related list only (2026-10-01)
27316,fr,live,https://delaguialuzon.com/fr/blog/regroupement-familial-espagne/,related list only,2026-10-01,0,Link Whisper related list only (2026-10-01)
27322,fr,live,https://delaguialuzon.com/fr/blog/residence-mariage-citoyen-espagnol/,related list only,2026-10-01,0,Link Whisper related list only (2026-10-01)
27325,fr,live,https://delaguialuzon.com/fr/blog/calendrier-fiscal-espagnol/,related list only,2026-10-01,0,Link Whisper related list only (2026-10-01)
27449,en,live,https://delaguialuzon.com/en/blog/uk-isas-spanish-tax-residency/,REWRITTEN / rendering switched,2026-10-06,2,post_excerpt and Rank Math description replaced (both stated the unsupported ISA claim as fact)
27692,fr,live,https://delaguialuzon.com/fr/blog/s-installer-en-espagne/,REWRITTEN / rendering switched,2026-10-01,45,"CSS check: 2 inline <style> blocks in text-editor widget, all selectors scoped (.spain-timeline / .dl-timeline / #dl-step), no global reset; not neutralised. MD5 before ffde0503c64d7bf9e576ae11d989d18"
28172,en,"not public (draft, trashed or private)",,facts / text corrected,2026-10-06,4,"Added one sentence with the tax law and accounting practice link at the end of the CTA via POST /wpvibe/v1/content/edit (post_content, 1 replacement)."
28176,en,"not public (draft, trashed or private)",,meta / schema only,2026-10-06,2,"Rank Math title, description, focus keyword set via /rankmath/v1/updateMeta"
28177,en,"not public (draft, trashed or private)",,facts / text corrected,2026-10-06,2,"Rank Math title (55 chars), description (152 chars) and focus keyword ""non-resident income tax in Spain"" set via POST /rankmath/v1/updateMeta; excerpt set (219 chars). No featured image yet (Mike deci"
